Tibetan,English,Meaning and scope,Allowed grammatical forms,Contextual exceptions,Related entries,Rationale and sources,Status and open questions
ཁམས་གསུམ་,three realms,Scoped working treatment at legacy entries 245. Unlisted technical grouping; source does not enumerate members.,Occurrence-level candidates (all Proposed unless canonical): three realms,No blanket exception or new default approved.,,"Attested source and usages: translations/usage.json; entire active glossary searched for headword, contained forms, and exact English collisions. Related hits require construction-level review, not automatic lexical equivalence.","Proposed; requires project-owner approval. Review construction, technical scope, family effects, and English collisions before activation."
ཁྱེད་ཤེས་,You know,Scoped working treatment at legacy entries 167. Provisional supplicatory idiom; N-167; not a technical use of standalone knowing.,Occurrence-level candidates (all Proposed unless canonical): You know,No blanket exception or new default approved.,,"Attested source and usages: translations/usage.json; entire active glossary searched for headword, contained forms, and exact English collisions. Related hits require construction-level review, not automatic lexical equivalence.","Proposed; requires project-owner approval. Review construction, technical scope, family effects, and English collisions before activation."
གཞན་འཛིན་པ་,take as,"Scoped working treatment at legacy entries 131. Proposed X-as-Y verbal construction; N-124, with N-131 for its local syntax.",Occurrence-level candidates (all Proposed unless canonical): take as,No blanket exception or new default approved.,འཛིན་པ་ = Apprehending subject,"Attested source and usages: translations/usage.json; entire active glossary searched for headword, contained forms, and exact English collisions. Related hits require construction-level review, not automatic lexical equivalence.","Proposed; requires project-owner approval. Review construction, technical scope, family effects, and English collisions before activation."
གཞི་བདག་,lord of a site,"Scoped working treatment at legacy entries 197. Proposed whole expression, not the standalone metaphysical The Ground assignment.",Occurrence-level candidates (all Proposed unless canonical): lord of a site,No blanket exception or new default approved.,གཞི་ = The Ground,"Attested source and usages: translations/usage.json; entire active glossary searched for headword, contained forms, and exact English collisions. Related hits require construction-level review, not automatic lexical equivalence.","Proposed; requires project-owner approval. Review construction, technical scope, family effects, and English collisions before activation."
གསང་སྔགས་,Secret Mantra,"Scoped working treatment at legacy entries 201, 209. Unlisted vehicle/tradition expression.",Occurrence-level candidates (all Proposed unless canonical): Secret Mantra,No blanket exception or new default approved.,,"Attested source and usages: translations/usage.json; entire active glossary searched for headword, contained forms, and exact English collisions. Related hits require construction-level review, not automatic lexical equivalence.","Proposed; requires project-owner approval. Review construction, technical scope, family effects, and English collisions before activation."
གྲོགས་སུ་འཛིན་པ་,regard as,"Scoped working treatment at legacy entries 124. Proposed X-as-Y verbal construction; N-124, with N-131 for its local syntax.",Occurrence-level candidates (all Proposed unless canonical): regard as,No blanket exception or new default approved.,འཛིན་པ་ = Apprehending subject,"Attested source and usages: translations/usage.json; entire active glossary searched for headword, contained forms, and exact English collisions. Related hits require construction-level review, not automatic lexical equivalence.","Proposed; requires project-owner approval. Review construction, technical scope, family effects, and English collisions before activation."
ངག་སྣང་,pure appearance,Scoped working treatment at legacy entries 205. Provisional reading as dag snang on entry 208 evidence; see N-205.,Occurrence-level candidates (all Proposed unless canonical): pure appearance,No blanket exception or new default approved.,སྣང་ = Appearance,"Attested source and usages: translations/usage.json; entire active glossary searched for headword, contained forms, and exact English collisions. Related hits require construction-level review, not automatic lexical equivalence.","Proposed; requires project-owner approval. Review construction, technical scope, family effects, and English collisions before activation."
ངན་སོང་,lower rebirths,"Scoped working treatment at legacy entries 12, 77, 83. N-012; new technical assignment",Occurrence-level candidates (all Proposed unless canonical): lower rebirths,No blanket exception or new default approved.,,"Attested source and usages: translations/usage.json; entire active glossary searched for headword, contained forms, and exact English collisions. Related hits require construction-level review, not automatic lexical equivalence.","Proposed; requires project-owner approval. Review construction, technical scope, family effects, and English collisions before activation."
ཅི་མཛད་ཁྱེད་ཤེས་,"Whatever you do, you know",Scoped working treatment at legacy entries 169. Provisional supplicatory idiom; N-169.,"Occurrence-level candidates (all Proposed unless canonical): Whatever you do, you know",No blanket exception or new default approved.,,"Attested source and usages: translations/usage.json; entire active glossary searched for headword, contained forms, and exact English collisions. Related hits require construction-level review, not automatic lexical equivalence.","Proposed; requires project-owner approval. Review construction, technical scope, family effects, and English collisions before activation."
ཆ་མཐུན་,corresponding,"Scoped working treatment at legacy entries 220. Proposed relation among guru, instruction, companions and the Three Jewels; see N-220.",Occurrence-level candidates (all Proposed unless canonical): corresponding,No blanket exception or new default approved.,,"Attested source and usages: translations/usage.json; entire active glossary searched for headword, contained forms, and exact English collisions. Related hits require construction-level review, not automatic lexical equivalence.","Proposed; requires project-owner approval. Review construction, technical scope, family effects, and English collisions before activation."
ཆོས་,Dharma,"Scoped working treatment at legacy entries 105, 121, 124, 130, 198, 201, 206, 207, 209, 212, 214, 215, 222, 224, 231, 253, 258. Proposed occurrence-specific Dharma/phenomenon usage; glossary has no standalone row. Unlisted refuge/teaching expression; compound-specific readings remain governed by their full expressions. Scoped working treatment at legacy entries 7, 21, 24, 29. N-007; teaching/practice context; N-021 covers wholesome modifier where present",Occurrence-level candidates (all Proposed unless canonical): Dharma; Dharma; Occurrence-level candidates (all Proposed unless canonical): Dharma,No blanket exception or new default approved.,ཆོས་སྐུ་ = Dharma embodiment; ཆོས་ཉིད་ = Nature of phenomena; ཆོས་ཉིད་མངོན་སུམ་གྱི་སྣང་བ་ = Vision of the direct perception of the nature of phenomena; ཆོས་ཉིད་ཟད་པའི་སྣང་བ་ = Vision of the exhaustion of nature of phenomena; ཆོས་དབྱིངས་ = Basic space of phenomena; ཆོས་སྐུ་ = Dharma embodiment; ཆོས་ཉིད་ = Nature of phenomena; ཆོས་ཉིད་མངོན་སུམ་གྱི་སྣང་བ་ = Vision of the direct perception of the nature of phenomena; ཆོས་ཉིད་ཟད་པའི་སྣང་བ་ = Vision of the exhaustion of nature of phenomena; ཆོས་དབྱིངས་ = Basic space of phenomena,"Attested source and usages: translations/usage.json; entire active glossary searched for headword, contained forms, and exact English collisions. Related hits require construction-level review, not automatic lexical equivalence.","Proposed; requires project-owner approval. Review construction, technical scope, family effects, and English collisions before activation."
ཆོས་དཀར་པོའི་,wholesome Dharma,Scoped working treatment at legacy entries 21. N-021,Occurrence-level candidates (all Proposed unless canonical): wholesome Dharma,No blanket exception or new default approved.,,"Attested source and usages: translations/usage.json; entire active glossary searched for headword, contained forms, and exact English collisions. Related hits require construction-level review, not automatic lexical equivalence.","Proposed; requires project-owner approval. Review construction, technical scope, family effects, and English collisions before activation."
ཆོས་དཀོན་མཆོག་,Jewel of the Dharma,Scoped working treatment at legacy entries 122. Proposed occurrence-specific Dharma/phenomenon usage; glossary has no standalone row.,Occurrence-level candidates (all Proposed unless canonical): Jewel of the Dharma,No blanket exception or new default approved.,,"Attested source and usages: translations/usage.json; entire active glossary searched for headword, contained forms, and exact English collisions. Related hits require construction-level review, not automatic lexical equivalence.","Proposed; requires project-owner approval. Review construction, technical scope, family effects, and English collisions before activation."
ཆོས་མཐུན་,shared properties,"Scoped working treatment at legacy entries 137, 144, 145, 146, 147, 148, 149. Proposed contextual whole expression; N-137. Repeated contextual construction; N-137.",Occurrence-level candidates (all Proposed unless canonical): shared properties; shared property,No blanket exception or new default approved.,,"Attested source and usages: translations/usage.json; entire active glossary searched for headword, contained forms, and exact English collisions. Related hits require construction-level review, not automatic lexical equivalence.","Proposed; requires project-owner approval. Review construction, technical scope, family effects, and English collisions before activation."
ཆོས་རྣམས་གཉིས་,two kinds of Dharma,Scoped working treatment at legacy entries 154. Proposed occurrence-specific Dharma/phenomenon usage; glossary has no standalone row.,Occurrence-level candidates (all Proposed unless canonical): two kinds of Dharma,No blanket exception or new default approved.,,"Attested source and usages: translations/usage.json; entire active glossary searched for headword, contained forms, and exact English collisions. Related hits require construction-level review, not automatic lexical equivalence.","Proposed; requires project-owner approval. Review construction, technical scope, family effects, and English collisions before activation."
ཆོས་སྐྱོང་,Dharma protector,Scoped working treatment at legacy entries 214. Unlisted ritual class in the invocation.,Occurrence-level candidates (all Proposed unless canonical): Dharma protector,No blanket exception or new default approved.,,"Attested source and usages: translations/usage.json; entire active glossary searched for headword, contained forms, and exact English collisions. Related hits require construction-level review, not automatic lexical equivalence.","Proposed; requires project-owner approval. Review construction, technical scope, family effects, and English collisions before activation."
ཉན་ཐོས་,śrāvaka,"Scoped working treatment at legacy entries 120, 128. Proposed technical designation. Scoped working treatment at legacy entries 85. N-085; proposed whole expression",Occurrence-level candidates (all Proposed unless canonical): śrāvaka; śrāvaka; Occurrence-level candidates (all Proposed unless canonical): śrāvaka,No blanket exception or new default approved.,; ,"Attested source and usages: translations/usage.json; entire active glossary searched for headword, contained forms, and exact English collisions. Related hits require construction-level review, not automatic lexical equivalence.","Proposed; requires project-owner approval. Review construction, technical scope, family effects, and English collisions before activation."
ཉན་རང་,śrāvakas and pratyekabuddhas,"Scoped working treatment at legacy entries 127, 150. Proposed abbreviated pair of technical designations.",Occurrence-level candidates (all Proposed unless canonical): śrāvakas and pratyekabuddhas,No blanket exception or new default approved.,,"Attested source and usages: translations/usage.json; entire active glossary searched for headword, contained forms, and exact English collisions. Related hits require construction-level review, not automatic lexical equivalence.","Proposed; requires project-owner approval. Review construction, technical scope, family effects, and English collisions before activation."
ཉམས་སུ་བླང་,put into practice,Scoped working treatment at legacy entries 225. Proposed whole-expression construction; see N-225.,Occurrence-level candidates (all Proposed unless canonical): put into practice,No blanket exception or new default approved.,ཉམས་ = Experience,"Attested source and usages: translations/usage.json; entire active glossary searched for headword, contained forms, and exact English collisions. Related hits require construction-level review, not automatic lexical equivalence.","Proposed; requires project-owner approval. Review construction, technical scope, family effects, and English collisions before activation."
ཉོན་མོངས་པ་,affliction,Scoped working treatment at legacy entries 192. Unlisted technical category.,Occurrence-level candidates (all Proposed unless canonical): affliction,No blanket exception or new default approved.,,"Attested source and usages: translations/usage.json; entire active glossary searched for headword, contained forms, and exact English collisions. Related hits require construction-level review, not automatic lexical equivalence.","Proposed; requires project-owner approval. Review construction, technical scope, family effects, and English collisions before activation."
ཐར་པ་,liberation,"Scoped working treatment at legacy entries 183, 225, 237. Unlisted term, distinct from established self-liberation/primordial liberation.",Occurrence-level candidates (all Proposed unless canonical): liberation,No blanket exception or new default approved.,,"Attested source and usages: translations/usage.json; entire active glossary searched for headword, contained forms, and exact English collisions. Related hits require construction-level review, not automatic lexical equivalence.","Proposed; requires project-owner approval. Review construction, technical scope, family effects, and English collisions before activation."
ཐར་པའི་,liberation,"Scoped working treatment at legacy entries 13, 29. New technical assignment; not an established compound in the current glossary",Occurrence-level candidates (all Proposed unless canonical): liberation,No blanket exception or new default approved.,,"Attested source and usages: translations/usage.json; entire active glossary searched for headword, contained forms, and exact English collisions. Related hits require construction-level review, not automatic lexical equivalence.","Proposed; requires project-owner approval. Review construction, technical scope, family effects, and English collisions before activation."
ཐུགས་,compassionate responsiveness,"Scoped working treatment at legacy entries 33, 193, 209. N-033; provisional interpretation of suspected omission Honorific member of the fivefold list; see N-193. Honorific member of embodiment/speech/mind; see N-193 and N-209.",Occurrence-level candidates (all Proposed unless canonical): compassionate responsiveness; awakened mind,No blanket exception or new default approved.,ཐུགས་རྗེ་ = Compassionate responsiveness,"Attested source and usages: translations/usage.json; entire active glossary searched for headword, contained forms, and exact English collisions. Related hits require construction-level review, not automatic lexical equivalence.","Proposed; requires project-owner approval. Review construction, technical scope, family effects, and English collisions before activation."
ཐེག་ཆེན་,greater vehicle,"Scoped working treatment at legacy entries 123, 126, 127, 128. Proposed designation, retaining the source comparative pairing.",Occurrence-level candidates (all Proposed unless canonical): greater vehicle,No blanket exception or new default approved.,,"Attested source and usages: translations/usage.json; entire active glossary searched for headword, contained forms, and exact English collisions. Related hits require construction-level review, not automatic lexical equivalence.","Proposed; requires project-owner approval. Review construction, technical scope, family effects, and English collisions before activation."
ཐེག་དམན་,lesser vehicle,"Scoped working treatment at legacy entries 125. Proposed designation, retaining the source comparative pairing.",Occurrence-level candidates (all Proposed unless canonical): lesser vehicle,No blanket exception or new default approved.,,"Attested source and usages: translations/usage.json; entire active glossary searched for headword, contained forms, and exact English collisions. Related hits require construction-level review, not automatic lexical equivalence.","Proposed; requires project-owner approval. Review construction, technical scope, family effects, and English collisions before activation."
དཀར་པོའི་ཆོས་,wholesome Dharma,Scoped working treatment at legacy entries 24. N-021,Occurrence-level candidates (all Proposed unless canonical): wholesome Dharma,No blanket exception or new default approved.,,"Attested source and usages: translations/usage.json; entire active glossary searched for headword, contained forms, and exact English collisions. Related hits require construction-level review, not automatic lexical equivalence.","Proposed; requires project-owner approval. Review construction, technical scope, family effects, and English collisions before activation."
དཀོན་མཆོག་,Jewel,"Scoped working treatment at legacy entries 203, 205, 207, 209, 222, 223, 249. Singular/plural follows source; preserve the named Jewel referent. Scoped working treatment at legacy entries 15, 31, 32, 69, 79, 86. N-015; complete threefold refuge designation, explicit or contextually shortened",Occurrence-level candidates (all Proposed unless canonical): Jewel; Three Jewels; Occurrence-level candidates (all Proposed unless canonical): Three Jewels,No blanket exception or new default approved.,; ,"Attested source and usages: translations/usage.json; entire active glossary searched for headword, contained forms, and exact English collisions. Related hits require construction-level review, not automatic lexical equivalence.","Proposed; requires project-owner approval. Review construction, technical scope, family effects, and English collisions before activation."
དཀོན་མཆོག་གསུམ་,Three Jewels,"Scoped working treatment at legacy entries 96. Proposed threefold refuge term, coordinated across the work.",Occurrence-level candidates (all Proposed unless canonical): Three Jewels,No blanket exception or new default approved.,,"Attested source and usages: translations/usage.json; entire active glossary searched for headword, contained forms, and exact English collisions. Related hits require construction-level review, not automatic lexical equivalence.","Proposed; requires project-owner approval. Review construction, technical scope, family effects, and English collisions before activation."
དག་པ་གཉིས་,two purities,"Scoped working treatment at legacy entries 98. Technical pair absent from glossary; retained literally, with scope left open in N-098.",Occurrence-level candidates (all Proposed unless canonical): two purities,No blanket exception or new default approved.,,"Attested source and usages: translations/usage.json; entire active glossary searched for headword, contained forms, and exact English collisions. Related hits require construction-level review, not automatic lexical equivalence.","Proposed; requires project-owner approval. Review construction, technical scope, family effects, and English collisions before activation."
དག་སྣང་,pure appearance,Scoped working treatment at legacy entries 208. Proposed whole-expression rendering preserving appearance; see N-208.,Occurrence-level candidates (all Proposed unless canonical): pure appearance,No blanket exception or new default approved.,སྣང་ = Appearance,"Attested source and usages: translations/usage.json; entire active glossary searched for headword, contained forms, and exact English collisions. Related hits require construction-level review, not automatic lexical equivalence.","Proposed; requires project-owner approval. Review construction, technical scope, family effects, and English collisions before activation."
དགེ་བ་,virtue,"Scoped working treatment at legacy entries 221, 228, 238, 239. Unlisted recurring ethical category; not applied to the full spiritual-friend title.",Occurrence-level candidates (all Proposed unless canonical): virtue,No blanket exception or new default approved.,,"Attested source and usages: translations/usage.json; entire active glossary searched for headword, contained forms, and exact English collisions. Related hits require construction-level review, not automatic lexical equivalence.","Proposed; requires project-owner approval. Review construction, technical scope, family effects, and English collisions before activation."
དགེ་བའི་བཤེས་གཉེན་,spiritual friend,Scoped working treatment at legacy entries 221. Unlisted complete title for the guru in context.,Occurrence-level candidates (all Proposed unless canonical): spiritual friend,No blanket exception or new default approved.,,"Attested source and usages: translations/usage.json; entire active glossary searched for headword, contained forms, and exact English collisions. Related hits require construction-level review, not automatic lexical equivalence.","Proposed; requires project-owner approval. Review construction, technical scope, family effects, and English collisions before activation."
དགེ་བསྙེན་,lay devotee,Scoped working treatment at legacy entries 228. Unlisted lay religious status.,Occurrence-level candidates (all Proposed unless canonical): lay devotee,No blanket exception or new default approved.,,"Attested source and usages: translations/usage.json; entire active glossary searched for headword, contained forms, and exact English collisions. Related hits require construction-level review, not automatic lexical equivalence.","Proposed; requires project-owner approval. Review construction, technical scope, family effects, and English collisions before activation."
དགེ་འདུན་,Sangha,"Scoped working treatment at legacy entries 96, 111, 121, 124, 130, 150, 200, 207, 209, 213, 223, 233. Proposed technical refuge expression coordinated across the work. Unlisted refuge term, transliterated; noble retained where supplied.",Occurrence-level candidates (all Proposed unless canonical): Sangha,No blanket exception or new default approved.,,"Attested source and usages: translations/usage.json; entire active glossary searched for headword, contained forms, and exact English collisions. Related hits require construction-level review, not automatic lexical equivalence.","Proposed; requires project-owner approval. Review construction, technical scope, family effects, and English collisions before activation."
དགྲ་བཅོམ་,arhat,Scoped working treatment at legacy entries 120. Proposed technical term; N-120.,Occurrence-level candidates (all Proposed unless canonical): arhat,No blanket exception or new default approved.,,"Attested source and usages: translations/usage.json; entire active glossary searched for headword, contained forms, and exact English collisions. Related hits require construction-level review, not automatic lexical equivalence.","Proposed; requires project-owner approval. Review construction, technical scope, family effects, and English collisions before activation."
དང་བའི་དད་པ་,lucid faith,"Scoped working treatment at legacy entries 9. N-009; proposed whole expression Scoped working treatment at legacy entries 10, 11. N-009; proposed whole expression",Occurrence-level candidates (all Proposed unless canonical): lucid faith; lucid faith; Occurrence-level candidates (all Proposed unless canonical): lucid faith,No blanket exception or new default approved.,དད་པ་ = Faith; དད་པ་ = Faith,"Attested source and usages: translations/usage.json; entire active glossary searched for headword, contained forms, and exact English collisions. Related hits require construction-level review, not automatic lexical equivalence.","Proposed; requires project-owner approval. Review construction, technical scope, family effects, and English collisions before activation."
དཔའ་བོ་,hero,Scoped working treatment at legacy entries 214. Unlisted ritual class in the refuge invocation.,Occurrence-level candidates (all Proposed unless canonical): hero,No blanket exception or new default approved.,,"Attested source and usages: translations/usage.json; entire active glossary searched for headword, contained forms, and exact English collisions. Related hits require construction-level review, not automatic lexical equivalence.","Proposed; requires project-owner approval. Review construction, technical scope, family effects, and English collisions before activation."
དབང་བསྐུར་,grant empowerment,Scoped working treatment at legacy entries 40. N-040,Occurrence-level candidates (all Proposed unless canonical): grant empowerment,No blanket exception or new default approved.,སྐུ་ = Embodiment,"Attested source and usages: translations/usage.json; entire active glossary searched for headword, contained forms, and exact English collisions. Related hits require construction-level review, not automatic lexical equivalence.","Proposed; requires project-owner approval. Review construction, technical scope, family effects, and English collisions before activation."
དམ་ཆོས་,sublime Dharma,Scoped working treatment at legacy entries 95. Proposed occurrence-specific Dharma/phenomenon usage; glossary has no standalone row.,Occurrence-level candidates (all Proposed unless canonical): sublime Dharma,No blanket exception or new default approved.,,"Attested source and usages: translations/usage.json; entire active glossary searched for headword, contained forms, and exact English collisions. Related hits require construction-level review, not automatic lexical equivalence.","Proposed; requires project-owner approval. Review construction, technical scope, family effects, and English collisions before activation."
དུག་ལྔ་,five poisons,Scoped working treatment at legacy entries 192. Source names the group; no unexpressed members supplied.,Occurrence-level candidates (all Proposed unless canonical): five poisons,No blanket exception or new default approved.,,"Attested source and usages: translations/usage.json; entire active glossary searched for headword, contained forms, and exact English collisions. Related hits require construction-level review, not automatic lexical equivalence.","Proposed; requires project-owner approval. Review construction, technical scope, family effects, and English collisions before activation."
དོན་གཉིས་,two aims,"Scoped working treatment at legacy entries 98, 103. Proposed contextual use; N-094a.",Occurrence-level candidates (all Proposed unless canonical): two aims,No blanket exception or new default approved.,དོན་ = Meaning,"Attested source and usages: translations/usage.json; entire active glossary searched for headword, contained forms, and exact English collisions. Related hits require construction-level review, not automatic lexical equivalence.","Proposed; requires project-owner approval. Review construction, technical scope, family effects, and English collisions before activation."
དོན་གྱི་སྐྱབས་འགྲོ་,going for refuge in its meaning,Scoped working treatment at legacy entries 4. N-004; pending construction,Occurrence-level candidates (all Proposed unless canonical): going for refuge in its meaning,No blanket exception or new default approved.,སྐྱབས་འགྲོ་ = Going for refuge; དོན་ = Meaning,"Attested source and usages: translations/usage.json; entire active glossary searched for headword, contained forms, and exact English collisions. Related hits require construction-level review, not automatic lexical equivalence.","Proposed; requires project-owner approval. Review construction, technical scope, family effects, and English collisions before activation."
དོན་དང་པོ་,the first topic,Scoped working treatment at legacy entries 7. N-006b; expository classification,Occurrence-level candidates (all Proposed unless canonical): the first topic,No blanket exception or new default approved.,དོན་ = Meaning,"Attested source and usages: translations/usage.json; entire active glossary searched for headword, contained forms, and exact English collisions. Related hits require construction-level review, not automatic lexical equivalence.","Proposed; requires project-owner approval. Review construction, technical scope, family effects, and English collisions before activation."
དོན་དམ་པ་,ultimate / ultimate truth,Scoped working treatment at legacy entries 68. N-066; proposed whole expression,Occurrence-level candidates (all Proposed unless canonical): ultimate / ultimate truth,No blanket exception or new default approved.,དོན་ = Meaning,"Attested source and usages: translations/usage.json; entire active glossary searched for headword, contained forms, and exact English collisions. Related hits require construction-level review, not automatic lexical equivalence.","Proposed; requires project-owner approval. Review construction, technical scope, family effects, and English collisions before activation."
དོན་དམ་པའི་,ultimate / ultimate truth,Scoped working treatment at legacy entries 66. N-066; proposed whole expression,Occurrence-level candidates (all Proposed unless canonical): ultimate / ultimate truth,No blanket exception or new default approved.,དོན་ = Meaning,"Attested source and usages: translations/usage.json; entire active glossary searched for headword, contained forms, and exact English collisions. Related hits require construction-level review, not automatic lexical equivalence.","Proposed; requires project-owner approval. Review construction, technical scope, family effects, and English collisions before activation."
དོན་དུ་,in actuality,Scoped working treatment at legacy entries 83. N-083,Occurrence-level candidates (all Proposed unless canonical): in actuality,No blanket exception or new default approved.,དོན་ = Meaning,"Attested source and usages: translations/usage.json; entire active glossary searched for headword, contained forms, and exact English collisions. Related hits require construction-level review, not automatic lexical equivalence.","Proposed; requires project-owner approval. Review construction, technical scope, family effects, and English collisions before activation."
དོན་དུ་གཉེར་,seek,"Scoped working treatment at legacy entries 77, 79, 84. N-077b; proposed whole-expression realization",Occurrence-level candidates (all Proposed unless canonical): seek,No blanket exception or new default approved.,དོན་ = Meaning,"Attested source and usages: translations/usage.json; entire active glossary searched for headword, contained forms, and exact English collisions. Related hits require construction-level review, not automatic lexical equivalence.","Proposed; requires project-owner approval. Review construction, technical scope, family effects, and English collisions before activation."
དོན་བཞི་,four topics,Scoped working treatment at legacy entries 6. N-006b; expository classification,Occurrence-level candidates (all Proposed unless canonical): four topics,No blanket exception or new default approved.,དོན་ = Meaning,"Attested source and usages: translations/usage.json; entire active glossary searched for headword, contained forms, and exact English collisions. Related hits require construction-level review, not automatic lexical equivalence.","Proposed; requires project-owner approval. Review construction, technical scope, family effects, and English collisions before activation."
དོན་མ་བྱས་པར་,fail to act for their sake,Scoped working treatment at legacy entries 85. N-085b; contextual use,Occurrence-level candidates (all Proposed unless canonical): fail to act for their sake,No blanket exception or new default approved.,དོན་ = Meaning,"Attested source and usages: translations/usage.json; entire active glossary searched for headword, contained forms, and exact English collisions. Related hits require construction-level review, not automatic lexical equivalence.","Proposed; requires project-owner approval. Review construction, technical scope, family effects, and English collisions before activation."
དྲན་ཤེས་,mindfulness and alertness,Scoped working treatment at legacy entries 159. Proposed compact technical pair; N-159a.,Occurrence-level candidates (all Proposed unless canonical): mindfulness and alertness,No blanket exception or new default approved.,,"Attested source and usages: translations/usage.json; entire active glossary searched for headword, contained forms, and exact English collisions. Related hits require construction-level review, not automatic lexical equivalence.","Proposed; requires project-owner approval. Review construction, technical scope, family effects, and English collisions before activation."
ནང་པ་སངས་རྒྱས་པ་,Buddhists,Scoped working treatment at legacy entries 1. N-001,Occurrence-level candidates (all Proposed unless canonical): Buddhists,No blanket exception or new default approved.,,"Attested source and usages: translations/usage.json; entire active glossary searched for headword, contained forms, and exact English collisions. Related hits require construction-level review, not automatic lexical equivalence.","Proposed; requires project-owner approval. Review construction, technical scope, family effects, and English collisions before activation."
ནུས་པ་,power,Scoped working treatment at legacy entries 102. Proposed component of the threefold Buddha-quality set; N-102.,Occurrence-level candidates (all Proposed unless canonical): power,No blanket exception or new default approved.,,"Attested source and usages: translations/usage.json; entire active glossary searched for headword, contained forms, and exact English collisions. Related hits require construction-level review, not automatic lexical equivalence.","Proposed; requires project-owner approval. Review construction, technical scope, family effects, and English collisions before activation."
ཕར་ཕྱིན་,Perfection [of Discerning Knowing],Scoped working treatment at legacy entries 243. Proposed abbreviated-title expansion preserving the established full expression; see N-243.,Occurrence-level candidates (all Proposed unless canonical): Perfection [of Discerning Knowing],No blanket exception or new default approved.,,"Attested source and usages: translations/usage.json; entire active glossary searched for headword, contained forms, and exact English collisions. Related hits require construction-level review, not automatic lexical equivalence.","Proposed; requires project-owner approval. Review construction, technical scope, family effects, and English collisions before activation."
ཕྲིན་ལས་,enlightened activity,Scoped working treatment at legacy entries 193. Unlisted expression in the fivefold list; see N-193.,Occurrence-level candidates (all Proposed unless canonical): enlightened activity,No blanket exception or new default approved.,,"Attested source and usages: translations/usage.json; entire active glossary searched for headword, contained forms, and exact English collisions. Related hits require construction-level review, not automatic lexical equivalence.","Proposed; requires project-owner approval. Review construction, technical scope, family effects, and English collisions before activation."
བག་ལ་ཉལ་བ་,latent dispositions,Scoped working treatment at legacy entries 150. Proposed technical expression; N-150a; distinct from habitual tendencies.,Occurrence-level candidates (all Proposed unless canonical): latent dispositions,No blanket exception or new default approved.,,"Attested source and usages: translations/usage.json; entire active glossary searched for headword, contained forms, and exact English collisions. Related hits require construction-level review, not automatic lexical equivalence.","Proposed; requires project-owner approval. Review construction, technical scope, family effects, and English collisions before activation."
བཅོམ་ལྡན་འདས་,Blessed One,"Scoped working treatment at legacy entries 34, 62. N-034b; proposed epithet",Occurrence-level candidates (all Proposed unless canonical): Blessed One,No blanket exception or new default approved.,,"Attested source and usages: translations/usage.json; entire active glossary searched for headword, contained forms, and exact English collisions. Related hits require construction-level review, not automatic lexical equivalence.","Proposed; requires project-owner approval. Review construction, technical scope, family effects, and English collisions before activation."
བཅོས་མ་,contrived,Scoped working treatment at legacy entries 179. Proposed family-consistent realization; see N-179.,Occurrence-level candidates (all Proposed unless canonical): contrived,No blanket exception or new default approved.,,"Attested source and usages: translations/usage.json; entire active glossary searched for headword, contained forms, and exact English collisions. Related hits require construction-level review, not automatic lexical equivalence.","Proposed; requires project-owner approval. Review construction, technical scope, family effects, and English collisions before activation."
བརྩེ་,love,Scoped working treatment at legacy entries 102. Proposed component of the threefold Buddha-quality set; N-102.,Occurrence-level candidates (all Proposed unless canonical): love,No blanket exception or new default approved.,,"Attested source and usages: translations/usage.json; entire active glossary searched for headword, contained forms, and exact English collisions. Related hits require construction-level review, not automatic lexical equivalence.","Proposed; requires project-owner approval. Review construction, technical scope, family effects, and English collisions before activation."
བསམ་དོན་,intended aims,Scoped working treatment at legacy entries 241. Proposed whole-expression reading; see N-241.,Occurrence-level candidates (all Proposed unless canonical): intended aims,No blanket exception or new default approved.,དོན་ = Meaning,"Attested source and usages: translations/usage.json; entire active glossary searched for headword, contained forms, and exact English collisions. Related hits require construction-level review, not automatic lexical equivalence.","Proposed; requires project-owner approval. Review construction, technical scope, family effects, and English collisions before activation."
བསོད་ནམས་,merit,"Scoped working treatment at legacy entries 217, 244. Unlisted technical category. Scoped working treatment at legacy entries 86. N-086; new technical assignment",Occurrence-level candidates (all Proposed unless canonical): merit; merit; Occurrence-level candidates (all Proposed unless canonical): merit,No blanket exception or new default approved.,; ,"Attested source and usages: translations/usage.json; entire active glossary searched for headword, contained forms, and exact English collisions. Related hits require construction-level review, not automatic lexical equivalence.","Proposed; requires project-owner approval. Review construction, technical scope, family effects, and English collisions before activation."
བསྲུང་སྡོམ་,guarding the vows,Scoped working treatment at legacy entries 255. Proposed construction of the disciplinary term; see N-255.,Occurrence-level candidates (all Proposed unless canonical): guarding the vows,No blanket exception or new default approved.,,"Attested source and usages: translations/usage.json; entire active glossary searched for headword, contained forms, and exact English collisions. Related hits require construction-level review, not automatic lexical equivalence.","Proposed; requires project-owner approval. Review construction, technical scope, family effects, and English collisions before activation."
བསླབ་གསུམ་,three trainings,Scoped working treatment at legacy entries 255. Proposed technical expression; see N-255.,Occurrence-level candidates (all Proposed unless canonical): three trainings,No blanket exception or new default approved.,,"Attested source and usages: translations/usage.json; entire active glossary searched for headword, contained forms, and exact English collisions. Related hits require construction-level review, not automatic lexical equivalence.","Proposed; requires project-owner approval. Review construction, technical scope, family effects, and English collisions before activation."
བྱང་ཆུབ་,awakening,"Scoped working treatment at legacy entries 126, 132, 216. Proposed technical equivalent coordinated across the work. Unlisted technical term, not conflated with realization or attainment.",Occurrence-level candidates (all Proposed unless canonical): awakening,No blanket exception or new default approved.,,"Attested source and usages: translations/usage.json; entire active glossary searched for headword, contained forms, and exact English collisions. Related hits require construction-level review, not automatic lexical equivalence.","Proposed; requires project-owner approval. Review construction, technical scope, family effects, and English collisions before activation."
བྱང་སེམས་,bodhisattvas,"Scoped working treatment at legacy entries 111, 150. Proposed person-denoting whole expression; N-111. Proposed person-denoting compound; N-111.",Occurrence-level candidates (all Proposed unless canonical): bodhisattvas,No blanket exception or new default approved.,སེམས་ = Ordinary mind,"Attested source and usages: translations/usage.json; entire active glossary searched for headword, contained forms, and exact English collisions. Related hits require construction-level review, not automatic lexical equivalence.","Proposed; requires project-owner approval. Review construction, technical scope, family effects, and English collisions before activation."
བླ་མ་,guru,"Scoped working treatment at legacy entries 177, 201, 209, 210, 221, 222, 223. Retained source title; not a replacement for Guru Yoga. Scoped working treatment at legacy entries 10, 32, 69. N-005; new standalone assignment, including inflected occurrences",Occurrence-level candidates (all Proposed unless canonical): guru; guru; Occurrence-level candidates (all Proposed unless canonical): guru,No blanket exception or new default approved.,བླ་མའི་རྣལ་འབྱོར་ = Guru Yoga; བླ་མའི་རྣལ་འབྱོར་ = Guru Yoga,"Attested source and usages: translations/usage.json; entire active glossary searched for headword, contained forms, and exact English collisions. Related hits require construction-level review, not automatic lexical equivalence.","Proposed; requires project-owner approval. Review construction, technical scope, family effects, and English collisions before activation."
བླ་མའི་,guru,"Scoped working treatment at legacy entries 5. N-005; new standalone assignment, including inflected occurrences",Occurrence-level candidates (all Proposed unless canonical): guru,No blanket exception or new default approved.,བླ་མའི་རྣལ་འབྱོར་ = Guru Yoga,"Attested source and usages: translations/usage.json; entire active glossary searched for headword, contained forms, and exact English collisions. Related hits require construction-level review, not automatic lexical equivalence.","Proposed; requires project-owner approval. Review construction, technical scope, family effects, and English collisions before activation."
བླང་དོར་,accept and reject,Scoped working treatment at legacy entries 221. Proposed local compound rendering. The established spang blang is rejecting and accepting; the source here has the opposite order and different reject form.,Occurrence-level candidates (all Proposed unless canonical): accept and reject,No blanket exception or new default approved.,,"Attested source and usages: translations/usage.json; entire active glossary searched for headword, contained forms, and exact English collisions. Related hits require construction-level review, not automatic lexical equivalence.","Proposed; requires project-owner approval. Review construction, technical scope, family effects, and English collisions before activation."
བློ་གཏད་,direct my conceptual mind,Scoped working treatment at legacy entries 16. N-016,Occurrence-level candidates (all Proposed unless canonical): direct my conceptual mind,No blanket exception or new default approved.,བློ་ = Conceptual mind,"Attested source and usages: translations/usage.json; entire active glossary searched for headword, contained forms, and exact English collisions. Related hits require construction-level review, not automatic lexical equivalence.","Proposed; requires project-owner approval. Review construction, technical scope, family effects, and English collisions before activation."
བློ་གཏད་ཁྱེད་ཤེས་,entrusting your conceptual mind with “You know”,Scoped working treatment at legacy entries 209. Proposed construction retaining conceptual mind; see N-209.,Occurrence-level candidates (all Proposed unless canonical): entrusting your conceptual mind with “You know”,No blanket exception or new default approved.,བློ་ = Conceptual mind,"Attested source and usages: translations/usage.json; entire active glossary searched for headword, contained forms, and exact English collisions. Related hits require construction-level review, not automatic lexical equivalence.","Proposed; requires project-owner approval. Review construction, technical scope, family effects, and English collisions before activation."
བློ་ལྡན་,those endowed with conceptual mind,Scoped working treatment at legacy entries 114. Component-preserving provisional whole-expression treatment; N-114.,Occurrence-level candidates (all Proposed unless canonical): those endowed with conceptual mind,No blanket exception or new default approved.,བློ་ = Conceptual mind,"Attested source and usages: translations/usage.json; entire active glossary searched for headword, contained forms, and exact English collisions. Related hits require construction-level review, not automatic lexical equivalence.","Proposed; requires project-owner approval. Review construction, technical scope, family effects, and English collisions before activation."
མཁའ་འགྲོ་,ḍākinī,"Scoped working treatment at legacy entries 214. Unlisted ritual class, transliterated.",Occurrence-level candidates (all Proposed unless canonical): ḍākinī,No blanket exception or new default approved.,,"Attested source and usages: translations/usage.json; entire active glossary searched for headword, contained forms, and exact English collisions. Related hits require construction-level review, not automatic lexical equivalence.","Proposed; requires project-owner approval. Review construction, technical scope, family effects, and English collisions before activation."
མཁྱེན་,knowledge,Scoped working treatment at legacy entries 102. Proposed component of the threefold Buddha-quality set; N-102.,Occurrence-level candidates (all Proposed unless canonical): knowledge,No blanket exception or new default approved.,,"Attested source and usages: translations/usage.json; entire active glossary searched for headword, contained forms, and exact English collisions. Related hits require construction-level review, not automatic lexical equivalence.","Proposed; requires project-owner approval. Review construction, technical scope, family effects, and English collisions before activation."
མངོན་པར་ཤེས་པ་དྲུག་,six kinds of higher knowing,Scoped working treatment at legacy entries 146. Proposed compound; N-146.,Occurrence-level candidates (all Proposed unless canonical): six kinds of higher knowing,No blanket exception or new default approved.,ཤེས་པ་ = Knowing,"Attested source and usages: translations/usage.json; entire active glossary searched for headword, contained forms, and exact English collisions. Related hits require construction-level review, not automatic lexical equivalence.","Proposed; requires project-owner approval. Review construction, technical scope, family effects, and English collisions before activation."
མཆོག་གསུམ་,three supreme ones,Scoped working treatment at legacy entries 2. N-002,Occurrence-level candidates (all Proposed unless canonical): three supreme ones,No blanket exception or new default approved.,,"Attested source and usages: translations/usage.json; entire active glossary searched for headword, contained forms, and exact English collisions. Related hits require construction-level review, not automatic lexical equivalence.","Proposed; requires project-owner approval. Review construction, technical scope, family effects, and English collisions before activation."
མཐོ་རིས་,higher realms,"Scoped working treatment at legacy entries 13, 77, 83, 84. N-012–N-013; proposed counterpart to lower rebirths",Occurrence-level candidates (all Proposed unless canonical): higher realms,No blanket exception or new default approved.,,"Attested source and usages: translations/usage.json; entire active glossary searched for headword, contained forms, and exact English collisions. Related hits require construction-level review, not automatic lexical equivalence.","Proposed; requires project-owner approval. Review construction, technical scope, family effects, and English collisions before activation."
མཚན་གཞི་,instances,"Scoped working treatment at legacy entries 92, 93. Proposed whole expression; see N-093.",Occurrence-level candidates (all Proposed unless canonical): instances,No blanket exception or new default approved.,གཞི་ = The Ground,"Attested source and usages: translations/usage.json; entire active glossary searched for headword, contained forms, and exact English collisions. Related hits require construction-level review, not automatic lexical equivalence.","Proposed; requires project-owner approval. Review construction, technical scope, family effects, and English collisions before activation."
མཚན་ཉིད་,defining characteristics,"Scoped working treatment at legacy entries 92, 97, 98, 105, 109. Proposed technical equivalent; N-097.",Occurrence-level candidates (all Proposed unless canonical): defining characteristics,No blanket exception or new default approved.,,"Attested source and usages: translations/usage.json; entire active glossary searched for headword, contained forms, and exact English collisions. Related hits require construction-level review, not automatic lexical equivalence.","Proposed; requires project-owner approval. Review construction, technical scope, family effects, and English collisions before activation."
མཚམས་མེད་པའི་ལས་,deeds of immediate retribution,Scoped working treatment at legacy entries 250. Proposed technical expression; see N-250.,Occurrence-level candidates (all Proposed unless canonical): deeds of immediate retribution,No blanket exception or new default approved.,,"Attested source and usages: translations/usage.json; entire active glossary searched for headword, contained forms, and exact English collisions. Related hits require construction-level review, not automatic lexical equivalence.","Proposed; requires project-owner approval. Review construction, technical scope, family effects, and English collisions before activation."
མི་དགེ་བ་,nonvirtue,Scoped working treatment at legacy entries 238. Unlisted negated ethical category; paired visibly with virtue.,Occurrence-level candidates (all Proposed unless canonical): nonvirtue,No blanket exception or new default approved.,,"Attested source and usages: translations/usage.json; entire active glossary searched for headword, contained forms, and exact English collisions. Related hits require construction-level review, not automatic lexical equivalence.","Proposed; requires project-owner approval. Review construction, technical scope, family effects, and English collisions before activation."
མུ་སྟེགས་,tīrthika,"Scoped working treatment at legacy entries 181, 196, 200, 201, 234. Transliteration for the named religious category; no claim about every non-Buddhist is added.",Occurrence-level candidates (all Proposed unless canonical): tīrthika,No blanket exception or new default approved.,,"Attested source and usages: translations/usage.json; entire active glossary searched for headword, contained forms, and exact English collisions. Related hits require construction-level review, not automatic lexical equivalence.","Proposed; requires project-owner approval. Review construction, technical scope, family effects, and English collisions before activation."
མོས་པ་,devotion,"Scoped working treatment at legacy entries 169. Proposed standalone devotional use, distinct from established མོས་གུས confident devotion; N-169. Scoped working treatment at legacy entries 38. N-038",Occurrence-level candidates (all Proposed unless canonical): devotion; devotion; Occurrence-level candidates (all Proposed unless canonical): devotion,No blanket exception or new default approved.,; ,"Attested source and usages: translations/usage.json; entire active glossary searched for headword, contained forms, and exact English collisions. Related hits require construction-level review, not automatic lexical equivalence.","Proposed; requires project-owner approval. Review construction, technical scope, family effects, and English collisions before activation."
མྱ་ངན་ལས་འདས་པ་,nirvana,Scoped working treatment at legacy entries 85. N-079; full form of proposed technical expression,Occurrence-level candidates (all Proposed unless canonical): nirvana,No blanket exception or new default approved.,,"Attested source and usages: translations/usage.json; entire active glossary searched for headword, contained forms, and exact English collisions. Related hits require construction-level review, not automatic lexical equivalence.","Proposed; requires project-owner approval. Review construction, technical scope, family effects, and English collisions before activation."
ཚངས་པར་མཚུངས་པར་སྤྱོད་པ་,share activity in the pure life,Scoped working treatment at legacy entries 223. Proposed construction preserving activity; see N-223.,Occurrence-level candidates (all Proposed unless canonical): share activity in the pure life,No blanket exception or new default approved.,སྤྱོད་པ་ = Activity,"Attested source and usages: translations/usage.json; entire active glossary searched for headword, contained forms, and exact English collisions. Related hits require construction-level review, not automatic lexical equivalence.","Proposed; requires project-owner approval. Review construction, technical scope, family effects, and English collisions before activation."
ཞི་བ་མྱང་འདས་,peaceful state of nirvana,Scoped working treatment at legacy entries 79. N-079,Occurrence-level candidates (all Proposed unless canonical): peaceful state of nirvana,No blanket exception or new default approved.,,"Attested source and usages: translations/usage.json; entire active glossary searched for headword, contained forms, and exact English collisions. Related hits require construction-level review, not automatic lexical equivalence.","Proposed; requires project-owner approval. Review construction, technical scope, family effects, and English collisions before activation."
ཟག་མེད་,uncontaminated,Scoped working treatment at legacy entries 105. Proposed technical expression; N-105. Preserve established realization.,Occurrence-level candidates (all Proposed unless canonical): uncontaminated,No blanket exception or new default approved.,,"Attested source and usages: translations/usage.json; entire active glossary searched for headword, contained forms, and exact English collisions. Related hits require construction-level review, not automatic lexical equivalence.","Proposed; requires project-owner approval. Review construction, technical scope, family effects, and English collisions before activation."
འཁོར་བ་,samsara,"Scoped working treatment at legacy entries 195, 196. Unlisted technical category. Scoped working treatment at legacy entries 12, 80, 85. N-012; new technical assignment",Occurrence-level candidates (all Proposed unless canonical): samsara; samsara; Occurrence-level candidates (all Proposed unless canonical): samsara,No blanket exception or new default approved.,; ,"Attested source and usages: translations/usage.json; entire active glossary searched for headword, contained forms, and exact English collisions. Related hits require construction-level review, not automatic lexical equivalence.","Proposed; requires project-owner approval. Review construction, technical scope, family effects, and English collisions before activation."
འཁོར་བའི་,samsara,"Scoped working treatment at legacy entries 78, 79. N-012; new technical assignment",Occurrence-level candidates (all Proposed unless canonical): samsara,No blanket exception or new default approved.,,"Attested source and usages: translations/usage.json; entire active glossary searched for headword, contained forms, and exact English collisions. Related hits require construction-level review, not automatic lexical equivalence.","Proposed; requires project-owner approval. Review construction, technical scope, family effects, and English collisions before activation."
འགོག་པ་,cessation,Scoped working treatment at legacy entries 105. Proposed technical expression; N-105. Preserve established realization.,Occurrence-level candidates (all Proposed unless canonical): cessation,No blanket exception or new default approved.,,"Attested source and usages: translations/usage.json; entire active glossary searched for headword, contained forms, and exact English collisions. Related hits require construction-level review, not automatic lexical equivalence.","Proposed; requires project-owner approval. Review construction, technical scope, family effects, and English collisions before activation."
འདོད་པའི་དད་པ་,aspiring faith,Scoped working treatment at legacy entries 9. N-009; proposed whole expression Scoped working treatment at legacy entries 12. N-009; proposed whole expression,Occurrence-level candidates (all Proposed unless canonical): aspiring faith; aspiring faith; Occurrence-level candidates (all Proposed unless canonical): aspiring faith,No blanket exception or new default approved.,དད་པ་ = Faith; དད་པ་ = Faith,"Attested source and usages: translations/usage.json; entire active glossary searched for headword, contained forms, and exact English collisions. Related hits require construction-level review, not automatic lexical equivalence.","Proposed; requires project-owner approval. Review construction, technical scope, family effects, and English collisions before activation."
འཕགས་པའི་ནོར་བདུན་,seven riches of noble ones,Scoped working treatment at legacy entries 28. N-028,Occurrence-level candidates (all Proposed unless canonical): seven riches of noble ones,No blanket exception or new default approved.,,"Attested source and usages: translations/usage.json; entire active glossary searched for headword, contained forms, and exact English collisions. Related hits require construction-level review, not automatic lexical equivalence.","Proposed; requires project-owner approval. Review construction, technical scope, family effects, and English collisions before activation."
འབྲས་བུ་སྐྱབས་,resultant refuge,"Scoped working treatment at legacy entries 120. Proposed whole expression, preserving established result family; N-120.",Occurrence-level candidates (all Proposed unless canonical): resultant refuge,No blanket exception or new default approved.,འབྲས་བུ་ = Result,"Attested source and usages: translations/usage.json; entire active glossary searched for headword, contained forms, and exact English collisions. Related hits require construction-level review, not automatic lexical equivalence.","Proposed; requires project-owner approval. Review construction, technical scope, family effects, and English collisions before activation."
འབྲས་སྐྱབས་,resultant refuge,"Scoped working treatment at legacy entries 92, 132. Abbreviated proposed compound; N-120.",Occurrence-level candidates (all Proposed unless canonical): resultant refuge,No blanket exception or new default approved.,,"Attested source and usages: translations/usage.json; entire active glossary searched for headword, contained forms, and exact English collisions. Related hits require construction-level review, not automatic lexical equivalence.","Proposed; requires project-owner approval. Review construction, technical scope, family effects, and English collisions before activation."
ཡི་དམ་དུ་བྱ་,make your regular commitment,Scoped working treatment at legacy entries 219. Proposed vow/regular-observance sense from the instruction’s grammar; see N-219.,Occurrence-level candidates (all Proposed unless canonical): make your regular commitment,No blanket exception or new default approved.,,"Attested source and usages: translations/usage.json; entire active glossary searched for headword, contained forms, and exact English collisions. Related hits require construction-level review, not automatic lexical equivalence.","Proposed; requires project-owner approval. Review construction, technical scope, family effects, and English collisions before activation."
ཡི་དྭགས་,hungry ghost,"Scoped working treatment at legacy entries 34, 76. N-034b; proposed designation",Occurrence-level candidates (all Proposed unless canonical): hungry ghost,No blanket exception or new default approved.,,"Attested source and usages: translations/usage.json; entire active glossary searched for headword, contained forms, and exact English collisions. Related hits require construction-level review, not automatic lexical equivalence.","Proposed; requires project-owner approval. Review construction, technical scope, family effects, and English collisions before activation."
ཡིད་་་ཁྱེད་ཤེས་,"the mental faculty’s faith that says, “You know”",Scoped working treatment at legacy entries 18. N-018,"Occurrence-level candidates (all Proposed unless canonical): the mental faculty’s faith that says, “You know”",No blanket exception or new default approved.,ཡིད་ = Mental faculty,"Attested source and usages: translations/usage.json; entire active glossary searched for headword, contained forms, and exact English collisions. Related hits require construction-level review, not automatic lexical equivalence.","Proposed; requires project-owner approval. Review construction, technical scope, family effects, and English collisions before activation."
ཡིད་ཁྱེད་ཤེས་ཀྱི་བློ་,"conceptual mind ... mental faculty saying, “You know”",Scoped working treatment at legacy entries 74. N-074,"Occurrence-level candidates (all Proposed unless canonical): conceptual mind ... mental faculty saying, “You know”",No blanket exception or new default approved.,བློ་ = Conceptual mind; ཡིད་ = Mental faculty,"Attested source and usages: translations/usage.json; entire active glossary searched for headword, contained forms, and exact English collisions. Related hits require construction-level review, not automatic lexical equivalence.","Proposed; requires project-owner approval. Review construction, technical scope, family effects, and English collisions before activation."
ཡིད་ཆེས་,trust,"Scoped working treatment at legacy entries 250, 254. Proposed lexicalized compound; distinct from standalone mental faculty and faith. Scoped working treatment at legacy entries 9, 15, 16, 46, 69, 70. N-009 and N-016; complete compound, not standalone mental faculty",Occurrence-level candidates (all Proposed unless canonical): trust; trust / trusting faith; Occurrence-level candidates (all Proposed unless canonical): trust / trusting faith,No blanket exception or new default approved.,ཡིད་ = Mental faculty; ཡིད་ = Mental faculty,"Attested source and usages: translations/usage.json; entire active glossary searched for headword, contained forms, and exact English collisions. Related hits require construction-level review, not automatic lexical equivalence.","Proposed; requires project-owner approval. Review construction, technical scope, family effects, and English collisions before activation."
ཡིད་བྱེད་པ་,attends with the mental faculty,Scoped working treatment at legacy entries 38. N-038,Occurrence-level candidates (all Proposed unless canonical): attends with the mental faculty,No blanket exception or new default approved.,ཡིད་ = Mental faculty,"Attested source and usages: translations/usage.json; entire active glossary searched for headword, contained forms, and exact English collisions. Related hits require construction-level review, not automatic lexical equivalence.","Proposed; requires project-owner approval. Review construction, technical scope, family effects, and English collisions before activation."
ཡུལ་ལྷ་,local deity,Scoped working treatment at legacy entries 197. Unlisted local class named among worldly refuges.,Occurrence-level candidates (all Proposed unless canonical): local deity,No blanket exception or new default approved.,,"Attested source and usages: translations/usage.json; entire active glossary searched for headword, contained forms, and exact English collisions. Related hits require construction-level review, not automatic lexical equivalence.","Proposed; requires project-owner approval. Review construction, technical scope, family effects, and English collisions before activation."
རང་གཞན་གྱི་དོན་གཉིས་,the two aims: one’s own and others’,Scoped working treatment at legacy entries 94. Contextual དོན use proposed in N-094a.,Occurrence-level candidates (all Proposed unless canonical): the two aims: one’s own and others’,No blanket exception or new default approved.,དོན་ = Meaning,"Attested source and usages: translations/usage.json; entire active glossary searched for headword, contained forms, and exact English collisions. Related hits require construction-level review, not automatic lexical equivalence.","Proposed; requires project-owner approval. Review construction, technical scope, family effects, and English collisions before activation."
རང་རྒྱལ་,pratyekabuddha,Scoped working treatment at legacy entries 122. Proposed technical designation.,Occurrence-level candidates (all Proposed unless canonical): pratyekabuddha,No blanket exception or new default approved.,,"Attested source and usages: translations/usage.json; entire active glossary searched for headword, contained forms, and exact English collisions. Related hits require construction-level review, not automatic lexical equivalence.","Proposed; requires project-owner approval. Review construction, technical scope, family effects, and English collisions before activation."
རང་སངས་རྒྱས་,solitary buddha,"Scoped working treatment at legacy entries 252. Proposed full expression, not the shorter self-purified entry; see N-252. Scoped working treatment at legacy entries 85. N-085; proposed whole expression",Occurrence-level candidates (all Proposed unless canonical): solitary buddha; pratyekabuddha; Occurrence-level candidates (all Proposed unless canonical): pratyekabuddha,No blanket exception or new default approved.,རང་སངས་ = Self-purified; རང་སངས་ = Self-purified,"Attested source and usages: translations/usage.json; entire active glossary searched for headword, contained forms, and exact English collisions. Related hits require construction-level review, not automatic lexical equivalence.","Proposed; requires project-owner approval. Review construction, technical scope, family effects, and English collisions before activation."
རིག་གྲོལ་,awareness and liberation,"Scoped working treatment at legacy entries 96, 111. Compound proposal; N-096. Proposed compound; N-096.",Occurrence-level candidates (all Proposed unless canonical): awareness and liberation,No blanket exception or new default approved.,,"Attested source and usages: translations/usage.json; entire active glossary searched for headword, contained forms, and exact English collisions. Related hits require construction-level review, not automatic lexical equivalence.","Proposed; requires project-owner approval. Review construction, technical scope, family effects, and English collisions before activation."
རིང་བསྲེལ་,relics,Scoped working treatment at legacy entries 63. N-063,Occurrence-level candidates (all Proposed unless canonical): relics,No blanket exception or new default approved.,,"Attested source and usages: translations/usage.json; entire active glossary searched for headword, contained forms, and exact English collisions. Related hits require construction-level review, not automatic lexical equivalence.","Proposed; requires project-owner approval. Review construction, technical scope, family effects, and English collisions before activation."
རྒྱུའི་སྐྱབས་,causal refuge,Scoped working treatment at legacy entries 124. Proposed counterpart to resultant refuge; no glossary entry; N-120.,Occurrence-level candidates (all Proposed unless canonical): causal refuge,No blanket exception or new default approved.,,"Attested source and usages: translations/usage.json; entire active glossary searched for headword, contained forms, and exact English collisions. Related hits require construction-level review, not automatic lexical equivalence.","Proposed; requires project-owner approval. Review construction, technical scope, family effects, and English collisions before activation."
རྟེན་གཞི་,basis,Scoped working treatment at legacy entries 253. Same scoped compound treatment as N-240.,Occurrence-level candidates (all Proposed unless canonical): basis,No blanket exception or new default approved.,གཞི་ = The Ground,"Attested source and usages: translations/usage.json; entire active glossary searched for headword, contained forms, and exact English collisions. Related hits require construction-level review, not automatic lexical equivalence.","Proposed; requires project-owner approval. Review construction, technical scope, family effects, and English collisions before activation."
རྟེན་གཞིར་,basis,Scoped working treatment at legacy entries 240. Proposed rten gzhi compound treatment; see N-240.,Occurrence-level candidates (all Proposed unless canonical): basis,No blanket exception or new default approved.,གཞི་ = The Ground,"Attested source and usages: translations/usage.json; entire active glossary searched for headword, contained forms, and exact English collisions. Related hits require construction-level review, not automatic lexical equivalence.","Proposed; requires project-owner approval. Review construction, technical scope, family effects, and English collisions before activation."
རྟེན་འབྲེལ་,dependent arising,"Scoped working treatment at legacy entries 122. Proposed technical term, linked to N-122.",Occurrence-level candidates (all Proposed unless canonical): dependent arising,No blanket exception or new default approved.,,"Attested source and usages: translations/usage.json; entire active glossary searched for headword, contained forms, and exact English collisions. Related hits require construction-level review, not automatic lexical equivalence.","Proposed; requires project-owner approval. Review construction, technical scope, family effects, and English collisions before activation."
རྟེན་འབྲེལ་གྱི་ཆོས་རྣམས་,phenomena of dependent arising,Scoped working treatment at legacy entries 122. Proposed occurrence-specific Dharma/phenomenon usage; glossary has no standalone row.,Occurrence-level candidates (all Proposed unless canonical): phenomena of dependent arising,No blanket exception or new default approved.,,"Attested source and usages: translations/usage.json; entire active glossary searched for headword, contained forms, and exact English collisions. Related hits require construction-level review, not automatic lexical equivalence.","Proposed; requires project-owner approval. Review construction, technical scope, family effects, and English collisions before activation."
རྟེན་འབྲེལ་བཅུ་གཉིས་,twelve links of dependent arising,Scoped working treatment at legacy entries 122. Proposed technical compound absent from glossary; N-122.,Occurrence-level candidates (all Proposed unless canonical): twelve links of dependent arising,No blanket exception or new default approved.,,"Attested source and usages: translations/usage.json; entire active glossary searched for headword, contained forms, and exact English collisions. Related hits require construction-level review, not automatic lexical equivalence.","Proposed; requires project-owner approval. Review construction, technical scope, family effects, and English collisions before activation."
རྟོགས་པའི་ཆོས་རྣམས་,Dharma of realization,Scoped working treatment at legacy entries 150. Proposed occurrence-specific Dharma/phenomenon usage; glossary has no standalone row.,Occurrence-level candidates (all Proposed unless canonical): Dharma of realization,No blanket exception or new default approved.,རྟོག་ = Conceptualizing; རྟོགས་པ་ = Realization,"Attested source and usages: translations/usage.json; entire active glossary searched for headword, contained forms, and exact English collisions. Related hits require construction-level review, not automatic lexical equivalence.","Proposed; requires project-owner approval. Review construction, technical scope, family effects, and English collisions before activation."
རྡོ་རྗེ་ཐེག་པ་,Vajra Vehicle,Scoped working treatment at legacy entries 209. Unlisted whole expression.,Occurrence-level candidates (all Proposed unless canonical): Vajra Vehicle,No blanket exception or new default approved.,,"Attested source and usages: translations/usage.json; entire active glossary searched for headword, contained forms, and exact English collisions. Related hits require construction-level review, not automatic lexical equivalence.","Proposed; requires project-owner approval. Review construction, technical scope, family effects, and English collisions before activation."
རྣམ་ཐར་,accounts of liberation,Scoped working treatment at legacy entries 11. N-011,Occurrence-level candidates (all Proposed unless canonical): accounts of liberation,No blanket exception or new default approved.,,"Attested source and usages: translations/usage.json; entire active glossary searched for headword, contained forms, and exact English collisions. Related hits require construction-level review, not automatic lexical equivalence.","Proposed; requires project-owner approval. Review construction, technical scope, family effects, and English collisions before activation."
རྣམ་པ་གསུམ་,Three,Scoped working treatment at legacy entries 15. N-015; scoped whole-expression counting construction,Occurrence-level candidates (all Proposed unless canonical): Three,No blanket exception or new default approved.,རྣམ་པ་ = Aspect,"Attested source and usages: translations/usage.json; entire active glossary searched for headword, contained forms, and exact English collisions. Related hits require construction-level review, not automatic lexical equivalence.","Proposed; requires project-owner approval. Review construction, technical scope, family effects, and English collisions before activation."
རྣམ་བྱང་,complete purification,Scoped working treatment at legacy entries 105. Proposed technical expression; N-105. Preserve established realization.,Occurrence-level candidates (all Proposed unless canonical): complete purification,No blanket exception or new default approved.,,"Attested source and usages: translations/usage.json; entire active glossary searched for headword, contained forms, and exact English collisions. Related hits require construction-level review, not automatic lexical equivalence.","Proposed; requires project-owner approval. Review construction, technical scope, family effects, and English collisions before activation."
རྣམ་མཁྱེན་,omniscient,"Scoped working treatment at legacy entries 81. Proposed technical realization, complete term outside glossary",Occurrence-level candidates (all Proposed unless canonical): omniscient,No blanket exception or new default approved.,,"Attested source and usages: translations/usage.json; entire active glossary searched for headword, contained forms, and exact English collisions. Related hits require construction-level review, not automatic lexical equivalence.","Proposed; requires project-owner approval. Review construction, technical scope, family effects, and English collisions before activation."
རྣལ་འབྱོར་,yogin,Scoped working treatment at legacy entries 178. Person reading is provisional in entry 178; Guru Yoga is a distinct established whole expression.,Occurrence-level candidates (all Proposed unless canonical): yogin,No blanket exception or new default approved.,བླ་མའི་རྣལ་འབྱོར་ = Guru Yoga,"Attested source and usages: translations/usage.json; entire active glossary searched for headword, contained forms, and exact English collisions. Related hits require construction-level review, not automatic lexical equivalence.","Proposed; requires project-owner approval. Review construction, technical scope, family effects, and English collisions before activation."
རྩ་གསུམ་,three roots,Scoped working treatment at legacy entries 3. N-003,Occurrence-level candidates (all Proposed unless canonical): three roots,No blanket exception or new default approved.,,"Attested source and usages: translations/usage.json; entire active glossary searched for headword, contained forms, and exact English collisions. Related hits require construction-level review, not automatic lexical equivalence.","Proposed; requires project-owner approval. Review construction, technical scope, family effects, and English collisions before activation."
ལུང་གི་ཆོས་རྣམས་,Dharma of scriptural transmission,Scoped working treatment at legacy entries 150. Proposed occurrence-specific Dharma/phenomenon usage; glossary has no standalone row.,Occurrence-level candidates (all Proposed unless canonical): Dharma of scriptural transmission,No blanket exception or new default approved.,,"Attested source and usages: translations/usage.json; entire active glossary searched for headword, contained forms, and exact English collisions. Related hits require construction-level review, not automatic lexical equivalence.","Proposed; requires project-owner approval. Review construction, technical scope, family effects, and English collisions before activation."
ལུང་རྟོགས་,scriptural transmission and realization,Scoped working treatment at legacy entries 105. Proposed technical expression; N-105. Preserve established realization.,Occurrence-level candidates (all Proposed unless canonical): scriptural transmission and realization,No blanket exception or new default approved.,རྟོག་ = Conceptualizing,"Attested source and usages: translations/usage.json; entire active glossary searched for headword, contained forms, and exact English collisions. Related hits require construction-level review, not automatic lexical equivalence.","Proposed; requires project-owner approval. Review construction, technical scope, family effects, and English collisions before activation."
ལྷ་རྫས་,ceremonial fabric,Scoped working treatment at legacy entries 258. Proposed context-specific ritual item; see N-258.,Occurrence-level candidates (all Proposed unless canonical): ceremonial fabric,No blanket exception or new default approved.,,"Attested source and usages: translations/usage.json; entire active glossary searched for headword, contained forms, and exact English collisions. Related hits require construction-level review, not automatic lexical equivalence.","Proposed; requires project-owner approval. Review construction, technical scope, family effects, and English collisions before activation."
ས་ཆེན་པོ་,great stages,Scoped working treatment at legacy entries 111. Provisional technical “stages”; not glossary གཞི “The Ground.”,Occurrence-level candidates (all Proposed unless canonical): great stages,No blanket exception or new default approved.,,"Attested source and usages: translations/usage.json; entire active glossary searched for headword, contained forms, and exact English collisions. Related hits require construction-level review, not automatic lexical equivalence.","Proposed; requires project-owner approval. Review construction, technical scope, family effects, and English collisions before activation."
སངས་རྒྱས་,Buddha,"Scoped working treatment at legacy entries 94, 98, 103, 121, 123, 124, 130, 131, 135, 150, 157, 177, 187, 195, 203, 205, 209, 211, 215, 218, 221, 225, 227, 242, 250, 251, 252. Proposed whole technical expression coordinated across the work. Buddha or buddhas for the referent; buddhahood for accomplishment or the state. The whole expression is not rang sangs. Scoped working treatment at legacy entries 35, 36, 46, 47, 51, 63, 65, 73, 81, 82, 86. N-047; proposed whole expression; exclude internal component of pratyekabuddha",Occurrence-level candidates (all Proposed unless canonical): Buddha; Buddha/buddhahood; Buddha / buddhahood; Occurrence-level candidates (all Proposed unless canonical): Buddha / buddhahood,No blanket exception or new default approved.,; ,"Attested source and usages: translations/usage.json; entire active glossary searched for headword, contained forms, and exact English collisions. Related hits require construction-level review, not automatic lexical equivalence.","Proposed; requires project-owner approval. Review construction, technical scope, family effects, and English collisions before activation."
སེམས་ཅན་,sentient beings,"Scoped working treatment at legacy entries 88, 127, 132, 144, 170, 198, 199, 256. Whole expression; proposal coordinated across the work, not a change to ordinary mind. Proposed lexicalized whole expression, not a mechanical expansion of ordinary mind. Scoped working treatment at legacy entries 80, 82, 85, 86. N-080; proposed whole expression",Occurrence-level candidates (all Proposed unless canonical): sentient beings; sentient being; sentient beings; Occurrence-level candidates (all Proposed unless canonical): sentient beings,No blanket exception or new default approved.,སེམས་ = Ordinary mind; སེམས་ = Ordinary mind,"Attested source and usages: translations/usage.json; entire active glossary searched for headword, contained forms, and exact English collisions. Related hits require construction-level review, not automatic lexical equivalence.","Proposed; requires project-owner approval. Review construction, technical scope, family effects, and English collisions before activation."
སྐུ་གསུང་ཐུགས་རྟེན་,"supports of embodiment, speech, and awakened mind",Scoped working treatment at legacy entries 10. N-010,"Occurrence-level candidates (all Proposed unless canonical): supports of embodiment, speech, and awakened mind",No blanket exception or new default approved.,སྐུ་ = Embodiment,"Attested source and usages: translations/usage.json; entire active glossary searched for headword, contained forms, and exact English collisions. Related hits require construction-level review, not automatic lexical equivalence.","Proposed; requires project-owner approval. Review construction, technical scope, family effects, and English collisions before activation."
སྐྱབས་གནས་,sources of refuge,"Scoped working treatment at legacy entries 118, 119, 124, 150, 159. Proposed compound distinct from the action going for refuge.",Occurrence-level candidates (all Proposed unless canonical): sources of refuge,No blanket exception or new default approved.,,"Attested source and usages: translations/usage.json; entire active glossary searched for headword, contained forms, and exact English collisions. Related hits require construction-level review, not automatic lexical equivalence.","Proposed; requires project-owner approval. Review construction, technical scope, family effects, and English collisions before activation."
སྐྱབས་ཡུལ་,objects of refuge,"Scoped working treatment at legacy entries 150, 167. Proposed compound for objects of going for refuge.",Occurrence-level candidates (all Proposed unless canonical): objects of refuge,No blanket exception or new default approved.,,"Attested source and usages: translations/usage.json; entire active glossary searched for headword, contained forms, and exact English collisions. Related hits require construction-level review, not automatic lexical equivalence.","Proposed; requires project-owner approval. Review construction, technical scope, family effects, and English collisions before activation."
སྐྱབས་སུ་འཛིན་,regard as,"Scoped working treatment at legacy entries 123. Proposed X-as-Y verbal construction; N-124, with N-131 for its local syntax.",Occurrence-level candidates (all Proposed unless canonical): regard as,No blanket exception or new default approved.,,"Attested source and usages: translations/usage.json; entire active glossary searched for headword, contained forms, and exact English collisions. Related hits require construction-level review, not automatic lexical equivalence.","Proposed; requires project-owner approval. Review construction, technical scope, family effects, and English collisions before activation."
སྐྱེས་བུ་ཆུང་ངུའི་,of a person of lesser capacity,Scoped working treatment at legacy entries 77. N-077,Occurrence-level candidates (all Proposed unless canonical): of a person of lesser capacity,No blanket exception or new default approved.,,"Attested source and usages: translations/usage.json; entire active glossary searched for headword, contained forms, and exact English collisions. Related hits require construction-level review, not automatic lexical equivalence.","Proposed; requires project-owner approval. Review construction, technical scope, family effects, and English collisions before activation."
སྐྱེས་བུ་ཆེན་པོའི་,of a person of great capacity,"Scoped working treatment at legacy entries 81, 82, 86. N-077",Occurrence-level candidates (all Proposed unless canonical): of a person of great capacity,No blanket exception or new default approved.,,"Attested source and usages: translations/usage.json; entire active glossary searched for headword, contained forms, and exact English collisions. Related hits require construction-level review, not automatic lexical equivalence.","Proposed; requires project-owner approval. Review construction, technical scope, family effects, and English collisions before activation."
སྐྱེས་བུ་འབྲིང་གི་,of a person of middling capacity,Scoped working treatment at legacy entries 79. N-077,Occurrence-level candidates (all Proposed unless canonical): of a person of middling capacity,No blanket exception or new default approved.,,"Attested source and usages: translations/usage.json; entire active glossary searched for headword, contained forms, and exact English collisions. Related hits require construction-level review, not automatic lexical equivalence.","Proposed; requires project-owner approval. Review construction, technical scope, family effects, and English collisions before activation."
སྒྲིབ་པ་,obscuration,"Scoped working treatment at legacy entries 189, 190, 191, 192. Unlisted technical category; not conflated with an established stain expression.",Occurrence-level candidates (all Proposed unless canonical): obscuration,No blanket exception or new default approved.,སྒྲ་ = Word,"Attested source and usages: translations/usage.json; entire active glossary searched for headword, contained forms, and exact English collisions. Related hits require construction-level review, not automatic lexical equivalence.","Proposed; requires project-owner approval. Review construction, technical scope, family effects, and English collisions before activation."
སྙིང་པོ་བྱང་ཆུབ་,heart of awakening,Scoped working treatment at legacy entries 126. Proposed whole expression; N-126.,Occurrence-level candidates (all Proposed unless canonical): heart of awakening,No blanket exception or new default approved.,,"Attested source and usages: translations/usage.json; entire active glossary searched for headword, contained forms, and exact English collisions. Related hits require construction-level review, not automatic lexical equivalence.","Proposed; requires project-owner approval. Review construction, technical scope, family effects, and English collisions before activation."
སྙིང་རྗེ་,compassion,Scoped working treatment at legacy entries 127. Proposed gap; distinct from established compassionate responsiveness. Scoped working treatment at legacy entries 35. N-035b,Occurrence-level candidates (all Proposed unless canonical): compassion; compassion; Occurrence-level candidates (all Proposed unless canonical): compassion,No blanket exception or new default approved.,; ,"Attested source and usages: translations/usage.json; entire active glossary searched for headword, contained forms, and exact English collisions. Related hits require construction-level review, not automatic lexical equivalence.","Proposed; requires project-owner approval. Review construction, technical scope, family effects, and English collisions before activation."
སྡོམ་པ་,vow,Scoped working treatment at legacy entries 240. Unlisted disciplinary term.,Occurrence-level candidates (all Proposed unless canonical): vow,No blanket exception or new default approved.,,"Attested source and usages: translations/usage.json; entire active glossary searched for headword, contained forms, and exact English collisions. Related hits require construction-level review, not automatic lexical equivalence.","Proposed; requires project-owner approval. Review construction, technical scope, family effects, and English collisions before activation."
སྤང་རྟོག་,abandonment and realization,Scoped working treatment at legacy entries 94. Provisional reading of a suspected defect; N-094. Canonical རྟོག = conceptualizing remains unchanged.,Occurrence-level candidates (all Proposed unless canonical): abandonment and realization,No blanket exception or new default approved.,རྟོག་ = Conceptualizing,"Attested source and usages: translations/usage.json; entire active glossary searched for headword, contained forms, and exact English collisions. Related hits require construction-level review, not automatic lexical equivalence.","Proposed; requires project-owner approval. Review construction, technical scope, family effects, and English collisions before activation."
སྨོན་པ་སེམས་བསྐྱེད་,generating aspirational bodhicitta,"Scoped working treatment at legacy entries 132, 133. Proposed complete technical expression; N-132.",Occurrence-level candidates (all Proposed unless canonical): generating aspirational bodhicitta,No blanket exception or new default approved.,སེམས་ = Ordinary mind,"Attested source and usages: translations/usage.json; entire active glossary searched for headword, contained forms, and exact English collisions. Related hits require construction-level review, not automatic lexical equivalence.","Proposed; requires project-owner approval. Review construction, technical scope, family effects, and English collisions before activation."
སྨོན་སེམས་,aspirational bodhicitta,Scoped working treatment at legacy entries 92. Proposed complete technical expression; N-132.,Occurrence-level candidates (all Proposed unless canonical): aspirational bodhicitta,No blanket exception or new default approved.,སེམས་ = Ordinary mind,"Attested source and usages: translations/usage.json; entire active glossary searched for headword, contained forms, and exact English collisions. Related hits require construction-level review, not automatic lexical equivalence.","Proposed; requires project-owner approval. Review construction, technical scope, family effects, and English collisions before activation."
སྲུང་མ་,guardian,Scoped working treatment at legacy entries 214. Kept distinct from Dharma protector in the coordinated list.,Occurrence-level candidates (all Proposed unless canonical): guardian,No blanket exception or new default approved.,,"Attested source and usages: translations/usage.json; entire active glossary searched for headword, contained forms, and exact English collisions. Related hits require construction-level review, not automatic lexical equivalence.","Proposed; requires project-owner approval. Review construction, technical scope, family effects, and English collisions before activation."
