word_segment,instances,prominence
འི་,199,5.353779930051116
དང་,108,2.9055690072639226
ལ་,96,2.58272800645682
ར་,74,1.9908528383104653
ས་,74,1.9908528383104653
དུ་,62,1.668011837503363
ཀྱི་,58,1.5603981705676622
སུ་,51,1.3720742534301855
ནས་,48,1.29136400322841
ལ,42,1.1299435028248588
སྐྱབས་,40,1.0761366693570082
སངས་རྒྱས་,40,1.0761366693570082
གྱི་,36,0.9685230024213075
དད་པ་,36,0.9685230024213075
ཆོས་,33,0.8878127522195319
གི་,31,0.8340059187516815
ནི,30,0.8071025020177561
ན་,29,0.7801990852838311
མི་,28,0.7532956685499058
ཡིན,27,0.7263922518159807
རྣམས་,26,0.6994888350820554
དེ་,25,0.6725854183481302
གསུམ་,24,0.645682001614205
ཡང་,24,0.645682001614205
དཀོན་མཆོག་,23,0.6187785848802798
ཞེས་,21,0.5649717514124294
ས,21,0.5649717514124294
ཐམས་ཅད་,20,0.5380683346785041
དོན་,19,0.511164917944579
ཕྱག་,19,0.511164917944579
ཡིན་,19,0.511164917944579
ནི་,19,0.511164917944579
གཉིས་,18,0.48426150121065376
སྐྱབས་འགྲོ་,17,0.45735808447672854
ཏེ,17,0.45735808447672854
ཕྱིར་,17,0.45735808447672854
མ་,14,0.3766478342749529
ཀྱང་,14,0.3766478342749529
མེད་,13,0.3497444175410277
སྡུག་བསྔལ་,13,0.3497444175410277
བླ་མ་,12,0.3228410008071025
གྱིས་,12,0.3228410008071025
ཡིན་པ,12,0.3228410008071025
རང་,12,0.3228410008071025
དགེ་འདུན་,12,0.3228410008071025
སྟེ,11,0.29593758407317733
མེད་པ,11,0.29593758407317733
འོ,11,0.29593758407317733
སོ,10,0.26903416733925206
འགྲོ་བ,10,0.26903416733925206
བྱིན་རླབས་,10,0.26903416733925206
ཞིག་,10,0.26903416733925206
བྱ,10,0.26903416733925206
སེམས་ཅན་,10,0.26903416733925206
དངོས་,9,0.24213075060532688
ཀྱིས་,9,0.24213075060532688
རྟེན་,9,0.24213075060532688
ཡོན་ཏན་,9,0.24213075060532688
ཤེས་,9,0.24213075060532688
ཅི་,9,0.24213075060532688
གཞན་,9,0.24213075060532688
ཞིང་,9,0.24213075060532688
དུས་,9,0.24213075060532688
ཙམ་,9,0.24213075060532688
གསུངས་,9,0.24213075060532688
སྒོ་,8,0.21522733387140167
ཡོད་,8,0.21522733387140167
དད་པ,8,0.21522733387140167
ནས,8,0.21522733387140167
གིས་,8,0.21522733387140167
ལམ་,7,0.18832391713747645
བྱ་བ་,7,0.18832391713747645
འགྲོ་,7,0.18832391713747645
ཏེ་,7,0.18832391713747645
དེ,7,0.18832391713747645
དགེ་བ,7,0.18832391713747645
སེམས་,7,0.18832391713747645
ནོ,7,0.18832391713747645
ལྷ་,7,0.18832391713747645
རུང་,7,0.18832391713747645
བྱེད་པ་,7,0.18832391713747645
གང་,7,0.18832391713747645
ཅན་,7,0.18832391713747645
ལྡན་,7,0.18832391713747645
བུ་,7,0.18832391713747645
འཚལ་བ,7,0.18832391713747645
སོགས་,7,0.18832391713747645
དེ་ལྟར་,7,0.18832391713747645
དགོས་,7,0.18832391713747645
མཐུན་པ་,7,0.18832391713747645
བཞག་,7,0.18832391713747645
འཇིག་རྟེན་,7,0.18832391713747645
སོང་,7,0.18832391713747645
མཆིའོ,7,0.18832391713747645
ཀུན་,6,0.16142050040355124
སྐྱབས་འགྲོ,6,0.16142050040355124
ཡིད་,6,0.16142050040355124
འཚལ་,6,0.16142050040355124
སྐྱེས་བུ་,6,0.16142050040355124
བདག་,6,0.16142050040355124
འདོད་,6,0.16142050040355124
སྤང་,6,0.16142050040355124
རིན་པོ་ཆེ་,6,0.16142050040355124
རྣམ་པ་,6,0.16142050040355124
ཐུན་མོང་,6,0.16142050040355124
གསུངས་པ་,6,0.16142050040355124
ལྟ་བུ་,6,0.16142050040355124
ལྟར་,6,0.16142050040355124
ཏུ་,6,0.16142050040355124
མོས་གུས་,6,0.16142050040355124
བར་,6,0.16142050040355124
བྱས་པ,6,0.16142050040355124
རྫོགས་པ,6,0.16142050040355124
ང་,6,0.16142050040355124
ཚེ་,6,0.16142050040355124
ཁྱི་,6,0.16142050040355124
ལྡན་པ,6,0.16142050040355124
གོ་འཕང་,6,0.16142050040355124
ཕྱིར,6,0.16142050040355124
སྐྱབས་གནས་,6,0.16142050040355124
སྒྲིབ་པ་,6,0.16142050040355124
རོ,6,0.16142050040355124
སྤྱི་བོ,6,0.16142050040355124
འདུ་ཤེས་,6,0.16142050040355124
བཞིན་,5,0.13451708366962603
དང་པོ་,5,0.13451708366962603
ཕན་ཡོན་,5,0.13451708366962603
རྒྱུད་,5,0.13451708366962603
མཐོ་རིས་,5,0.13451708366962603
མ་ཡིན་པ་,5,0.13451708366962603
བློ་,5,0.13451708366962603
ཡིད་ཆེས་,5,0.13451708366962603
ཁྱེད་,5,0.13451708366962603
བསམ་,5,0.13451708366962603
འཕགས་པ,5,0.13451708366962603
ཅིག་,5,0.13451708366962603
ཁོ་ན་,5,0.13451708366962603
འགྱུར་བ་,5,0.13451708366962603
རྒྱ་གར་,5,0.13451708366962603
སོ་,5,0.13451708366962603
ཆེན་པོ་,5,0.13451708366962603
མཛད་,5,0.13451708366962603
ལུས་,5,0.13451708366962603
ཐལ་མོ་,5,0.13451708366962603
མཆོག་,4,0.10761366693570083
ནང་,4,0.10761366693570083
བསླབ་བྱ་,4,0.10761366693570083
བསྟན་པ་,4,0.10761366693570083
འདོད་པ,4,0.10761366693570083
དེ་དག་,4,0.10761366693570083
ཐུགས་རྗེ་,4,0.10761366693570083
གཉིས་པ་,4,0.10761366693570083
དད་,4,0.10761366693570083
ཐར་པ,4,0.10761366693570083
མཐོང་,4,0.10761366693570083
ཅེས་,4,0.10761366693570083
ས་བོན་,4,0.10761366693570083
མདོ་,4,0.10761366693570083
གསུངས,4,0.10761366693570083
དེ་བཞིན་,4,0.10761366693570083
རྩ་བ་,4,0.10761366693570083
ཆེ་,4,0.10761366693570083
ཐུགས་,4,0.10761366693570083
ལྔ,4,0.10761366693570083
ཅུང་ཟད་,4,0.10761366693570083
མེད,4,0.10761366693570083
དབང་,4,0.10761366693570083
རྒན་མོ་,4,0.10761366693570083
འགྲོ་བ་,4,0.10761366693570083
མ་རྒན་,4,0.10761366693570083
འདི་,4,0.10761366693570083
རྟོགས་པ་,4,0.10761366693570083
གྲོགས་,4,0.10761366693570083
ཚོགས་པ་,4,0.10761366693570083
བདེ་བ་,4,0.10761366693570083
འཁོར་བ,4,0.10761366693570083
རང་ཉིད་,4,0.10761366693570083
ཆེད་,4,0.10761366693570083
ཆེན་པོ,4,0.10761366693570083
དགོས་པ་,4,0.10761366693570083
ཚུལ་,4,0.10761366693570083
ཚོགས་,4,0.10761366693570083
མཚན་ཉིད་,4,0.10761366693570083
ཕྱོགས་,4,0.10761366693570083
འབྲས་བུ་,4,0.10761366693570083
སྟོན་པ་,4,0.10761366693570083
གནས་,4,0.10761366693570083
ལ་སོགས་,4,0.10761366693570083
བྱ་,4,0.10761366693570083
བསྒོམ,4,0.10761366693570083
སྦྱར་བ,4,0.10761366693570083
གསུང་,4,0.10761366693570083
ནང་པ་,3,0.08071025020177562
ཁྲིད་,3,0.08071025020177562
དབྱེ་བ,3,0.08071025020177562
བཅས་,3,0.08071025020177562
དབྱེ་བ་,3,0.08071025020177562
བརྟན་པོ་,3,0.08071025020177562
དང་བ,3,0.08071025020177562
ཡིད་ཆེས་པ,3,0.08071025020177562
ཡོད,3,0.08071025020177562
ལྟ་བུ,3,0.08071025020177562
རྐྱེན་,3,0.08071025020177562
ཞུ་བ་,3,0.08071025020177562
འཁོར་བ་,3,0.08071025020177562
ངན་སོང་,3,0.08071025020177562
ལ་སོགས་པ་,3,0.08071025020177562
ཐོས་,3,0.08071025020177562
སྐྱེ་བ,3,0.08071025020177562
གསུམ་པ་,3,0.08071025020177562
མེད་པ་,3,0.08071025020177562
གཏད་,3,0.08071025020177562
བསམ་པ་,3,0.08071025020177562
རིན་པོ་ཆེ,3,0.08071025020177562
དེས་ན་,3,0.08071025020177562
འབྱུང་,3,0.08071025020177562
ནོར་,3,0.08071025020177562
ཁག་,3,0.08071025020177562
འབྲིང་,3,0.08071025020177562
མདུན་,3,0.08071025020177562
སྙིང་,3,0.08071025020177562
ཉིད་,3,0.08071025020177562
བྱིན་,3,0.08071025020177562
ཡི་,3,0.08071025020177562
ཟེར་བ་,3,0.08071025020177562
ཡུལ་,3,0.08071025020177562
ཁྱོད་,3,0.08071025020177562
དགོས,3,0.08071025020177562
རྒྱུ་,3,0.08071025020177562
ཚེམས་,3,0.08071025020177562
ཆེ་བ,3,0.08071025020177562
གནས་ལུགས་,3,0.08071025020177562
བདེན་པ་,3,0.08071025020177562
རྟོགས་པ,3,0.08071025020177562
མཐུ་,3,0.08071025020177562
ཡང་དག་པ,3,0.08071025020177562
ངོ་བོ་,3,0.08071025020177562
ཤིང་,3,0.08071025020177562
ལས་མ་,3,0.08071025020177562
གཉེར་,3,0.08071025020177562
རྒྱ་མཚོ་,3,0.08071025020177562
འབྲས་,3,0.08071025020177562
བསོད་ནམས་,3,0.08071025020177562
ཚད་,3,0.08071025020177562
བསྟེན་,3,0.08071025020177562
མཐར་ཐུག་,3,0.08071025020177562
ཅིང་,3,0.08071025020177562
ལྡན་པ་,3,0.08071025020177562
ཡེ་ཤེས་,3,0.08071025020177562
རྟོགས་,3,0.08071025020177562
ཉིད,3,0.08071025020177562
སྟེ་,3,0.08071025020177562
འང་,3,0.08071025020177562
རྒྱུ,3,0.08071025020177562
འདོད་པ་,3,0.08071025020177562
རྟེན་འབྲེལ་,3,0.08071025020177562
ཐེག་ཆེན་པ,3,0.08071025020177562
བྱང་ཆུབ་,3,0.08071025020177562
འདི,3,0.08071025020177562
ཁྱད་པར་,3,0.08071025020177562
སོང་བ་,3,0.08071025020177562
དམ་པ,3,0.08071025020177562
བྲལ་བ,3,0.08071025020177562
ལ་སོགས་པ,3,0.08071025020177562
གོང་,3,0.08071025020177562
བཅས་པ,3,0.08071025020177562
གནད་,3,0.08071025020177562
བསླབ་བྱ,3,0.08071025020177562
ཆ་,3,0.08071025020177562
ངག་,3,0.08071025020177562
བྱ་བ,3,0.08071025020177562
མུ་སྟེགས་,3,0.08071025020177562
ཡན་ཆད་,3,0.08071025020177562
གུས་པ,3,0.08071025020177562
སྐྱབས་འགྲོ་བ,3,0.08071025020177562
སངས་རྒྱས་པ་,2,0.053806833467850416
རྨིང་,2,0.053806833467850416
རྡོ་,2,0.053806833467850416
བཞུགས་,2,0.053806833467850416
གྲུབ,2,0.053806833467850416
བླ་མ,2,0.053806833467850416
ལོ,2,0.053806833467850416
བཞི་,2,0.053806833467850416
དང་པོ,2,0.053806833467850416
དབྱེ་,2,0.053806833467850416
མང་པོ་,2,0.053806833467850416
ཡོད་པ,2,0.053806833467850416
འམ,2,0.053806833467850416
བཤེས་གཉེན་,2,0.053806833467850416
དམ་པ་,2,0.053806833467850416
བཞུགས་པ,2,0.053806833467850416
ཆུང་,2,0.053806833467850416
སྙམ་,2,0.053806833467850416
སྡུག་,2,0.053806833467850416
བྲལ་,2,0.053806833467850416
ཐོབ་,2,0.053806833467850416
སྐྱེ་བ་,2,0.053806833467850416
སྐྱེ་,2,0.053806833467850416
གསོན་,2,0.053806833467850416
བྱུང་,2,0.053806833467850416
གསུམ་པོ་,2,0.053806833467850416
དཀར་པོ,2,0.053806833467850416
མེ,2,0.053806833467850416
ཚིག་པ་,2,0.053806833467850416
འདྲ་,2,0.053806833467850416
ཡིས་,2,0.053806833467850416
བདུན་,2,0.053806833467850416
གཙོ་བོ་,2,0.053806833467850416
ཞེས་པ་,2,0.053806833467850416
འབྱུང་གནས་,2,0.053806833467850416
གཏེར་,2,0.053806833467850416
དང,2,0.053806833467850416
རང་རྒྱུད་,2,0.053806833467850416
ལག་པ་,2,0.053806833467850416
ཁྱབ་པ་,2,0.053806833467850416
ལེགས་པ་,2,0.053806833467850416
ཉུང་ངུ་,2,0.053806833467850416
གཏན་,2,0.053806833467850416
དགེ་སློང་,2,0.053806833467850416
ལེགས་པ,2,0.053806833467850416
བཅོམ་ལྡན་འདས་,2,0.053806833467850416
མཐ,2,0.053806833467850416
ཡི་དྭགས་,2,0.053806833467850416
དུད་འགྲོ་,2,0.053806833467850416
སྙིང་རྗེ་,2,0.053806833467850416
ག་ལ་,2,0.053806833467850416
རུས་པ,2,0.053806833467850416
གཏིང་,2,0.053806833467850416
མོས་པ་,2,0.053806833467850416
པད་,2,0.053806833467850416
འདས་,2,0.053806833467850416
རེ,2,0.053806833467850416
ཡོད་པ་,2,0.053806833467850416
ཚོང་,2,0.053806833467850416
རྡོ་རྗེ་,2,0.053806833467850416
འདུག་པ,2,0.053806833467850416
ལན་,2,0.053806833467850416
མང་པོ,2,0.053806833467850416
ལོན,2,0.053806833467850416
སྔོན་,2,0.053806833467850416
འོ་,2,0.053806833467850416
བྱས་,2,0.053806833467850416
ལྡོག་,2,0.053806833467850416
བྱེད་,2,0.053806833467850416
ངས་,2,0.053806833467850416
གསོལ་བ་,2,0.053806833467850416
འདེབས་པ,2,0.053806833467850416
བཟུང་,2,0.053806833467850416
དེ་དུས་,2,0.053806833467850416
མཆོད་པ་,2,0.053806833467850416
ཞུགས་,2,0.053806833467850416
མ་ཟད་,2,0.053806833467850416
ལྡོག་པ,2,0.053806833467850416
གཅིག་,2,0.053806833467850416
ནམ་,2,0.053806833467850416
ད་ལྟ་,2,0.053806833467850416
འདྲ་བ,2,0.053806833467850416
མཐོང་བ,2,0.053806833467850416
སྐྱེ,2,0.053806833467850416
དེ་ལྟ་,2,0.053806833467850416
ཀུན་སློང་,2,0.053806833467850416
དམྱལ་བ་,2,0.053806833467850416
འཇིགས་,2,0.053806833467850416
མི,2,0.053806833467850416
གཉེར་བ,2,0.053806833467850416
ན,2,0.053806833467850416
རང་བཞིན་,2,0.053806833467850416
འདས་པ,2,0.053806833467850416
གྲོལ་བ,2,0.053806833467850416
ཞི་བ་,2,0.053806833467850416
འདི་དག་,2,0.053806833467850416
གྲངས་,2,0.053806833467850416
འགོད་པ,2,0.053806833467850416
སྣང་,2,0.053806833467850416
འགྱུར་བ,2,0.053806833467850416
གྱུར་པ,2,0.053806833467850416
གྱུར་,2,0.053806833467850416
ཁམས་,2,0.053806833467850416
ཕན་,2,0.053806833467850416
འདྲ,2,0.053806833467850416
དེ་ཡང་,2,0.053806833467850416
བསྡུས་པ,2,0.053806833467850416
ཁྱད་པར,2,0.053806833467850416
ངོ་བོ,2,0.053806833467850416
དགོས་པ,2,0.053806833467850416
བསྒོམ་,2,0.053806833467850416
རྟོག་,2,0.053806833467850416
ཕུན་སུམ་,2,0.053806833467850416
དམ་ཆོས,2,0.053806833467850416
རིག་,2,0.053806833467850416
གྲོལ་,2,0.053806833467850416
མཐར་ཐུག་པ་,2,0.053806833467850416
བརྒྱད་,2,0.053806833467850416
རྒྱལ་ཚབ་,2,0.053806833467850416
གསུང་རབ་,2,0.053806833467850416
ཀྱིས,2,0.053806833467850416
གང་ཞིག་,2,0.053806833467850416
བྱང་སེམས་,2,0.053806833467850416
གྱིས,2,0.053806833467850416
གཟིགས་པ་,2,0.053806833467850416
ཚོགས,2,0.053806833467850416
བཞི,2,0.053806833467850416
ཟབ་མོ,2,0.053806833467850416
འཛིན་,2,0.053806833467850416
སྟོན་པ,2,0.053806833467850416
འཛིན་པ་,2,0.053806833467850416
དུའོ,2,0.053806833467850416
སྙིང་པོ་,2,0.053806833467850416
ཐུག་,2,0.053806833467850416
ཉན་རང་,2,0.053806833467850416
ཐར་བ,2,0.053806833467850416
སྒྲོལ་བ,2,0.053806833467850416
དོ,2,0.053806833467850416
འཇིགས་པ་,2,0.053806833467850416
ཁྱབ་འཇུག་,2,0.053806833467850416
སྨོན་པ་,2,0.053806833467850416
སེམས་བསྐྱེད་,2,0.053806833467850416
དགེ་བསྙེན་,2,0.053806833467850416
སྡོམ་པ་,2,0.053806833467850416
བརྗོད་པ,2,0.053806833467850416
དྲུག་,2,0.053806833467850416
འབྱུང་བ་,2,0.053806833467850416
གྱི,2,0.053806833467850416
རྒྱན་,2,0.053806833467850416
མཆོག་ཉིད་,2,0.053806833467850416
དྲི་མ་,2,0.053806833467850416
ཤེས་པ་,2,0.053806833467850416
བཅོས་མ་,2,0.053806833467850416
བསླུ་བ,2,0.053806833467850416
ངང་,2,0.053806833467850416
ནམ་མཁ,2,0.053806833467850416
ཟ་,2,0.053806833467850416
འཐུང་,2,0.053806833467850416
དབུས་,2,0.053806833467850416
སྐྱབས་ཡུལ་,2,0.053806833467850416
མཐུན་,2,0.053806833467850416
མིག་,2,0.053806833467850416
གཡེང་,2,0.053806833467850416
ཕྱི་རོལ་,2,0.053806833467850416
རོ་,2,0.053806833467850416
པདྨ་,2,0.053806833467850416
ལག་མཐིལ་,2,0.053806833467850416
མུ་སྟེགས་པ,2,0.053806833467850416
དེ་ནས་,2,0.053806833467850416
སྐུ་,2,0.053806833467850416
ཐོབ་པ་,2,0.053806833467850416
བསྲུང་,2,0.053806833467850416
འགྲོགས་,2,0.053806833467850416
གསང་སྔགས་,2,0.053806833467850416
སྐུ,2,0.053806833467850416
མཆོད,2,0.053806833467850416
བཏེག་,2,0.053806833467850416
གཙང་,2,0.053806833467850416
ཕྱི་,2,0.053806833467850416
སྦྱིན་,2,0.053806833467850416
བླང་,2,0.053806833467850416
སོང་བ,2,0.053806833467850416
བརྟེན་,2,0.053806833467850416
མུན་སེལ་,1,0.026903416733925208
ཕྱི,1,0.026903416733925208
ཐོད་,1,0.026903416733925208
ཁུར,1,0.026903416733925208
རྩ་,1,0.026903416733925208
སྐུ་གསུམ་,1,0.026903416733925208
མངོན་དུ་,1,0.026903416733925208
བྱས,1,0.026903416733925208
མཚུངས་མེད་,1,0.026903416733925208
ཞབས་,1,0.026903416733925208
ཚུལ,1,0.026903416733925208
རུ་,1,0.026903416733925208
བསྡུས་,1,0.026903416733925208
ཞུན,1,0.026903416733925208
སྤྱིར་,1,0.026903416733925208
སྐྱེ་པ་,1,0.026903416733925208
གལ་ཆེ,1,0.026903416733925208
ནང་གསེས་,1,0.026903416733925208
རྒྱལ་བ,1,0.026903416733925208
སྐུ་གསུང་ཐུགས་,1,0.026903416733925208
གཙུག་ལག་ཁང་,1,0.026903416733925208
སྐྱོད་པ,1,0.026903416733925208
ཞལ་མཇལ་,1,0.026903416733925208
ཞུ་བ,1,0.026903416733925208
ཡོན་ཏན་་་་་་་,1,0.026903416733925208
རྣམ་ཐར་,1,0.026903416733925208
ཐོས་པ་,1,0.026903416733925208
དང་བ་,1,0.026903416733925208
འདྲེན་,1,0.026903416733925208
སྐྱེས་པ་,1,0.026903416733925208
བསྔོལ་,1,0.026903416733925208
བདེ་སྐྱིད་,1,0.026903416733925208
སྒྲུབ་,1,0.026903416733925208
སྡིག་པ,1,0.026903416733925208
ཉེས་པ་,1,0.026903416733925208
སྐྱིད་,1,0.026903416733925208
ཤི་,1,0.026903416733925208
བསླུ་བ་,1,0.026903416733925208
མཁྱེན,1,0.026903416733925208
རེ་ལྟོས་,1,0.026903416733925208
ཨོ་རྒྱན་,1,0.026903416733925208
ཞལ་,1,0.026903416733925208
ཡིད་་་,1,0.026903416733925208
འདུགབློ་,1,0.026903416733925208
ཐེ་ཚོམ་,1,0.026903416733925208
འགྲུབ,1,0.026903416733925208
སྐྱེད་པ,1,0.026903416733925208
མེ་,1,0.026903416733925208
མྱུ་གུ་,1,0.026903416733925208
སྔོན་མོ་,1,0.026903416733925208
ཇི་བཞིན་,1,0.026903416733925208
འཁོར་ལོ་,1,0.026903416733925208
ཉིན་མཚན་,1,0.026903416733925208
སྦྱོར,1,0.026903416733925208
གྱུར་པ་,1,0.026903416733925208
ཡིན་པ་,1,0.026903416733925208
མི་ཟད་པ,1,0.026903416733925208
རྐང་པ་,1,0.026903416733925208
སྡུད་པ,1,0.026903416733925208
རྐང་པ,1,0.026903416733925208
མཆོག,1,0.026903416733925208
དགེ་,1,0.026903416733925208
སྡུས་,1,0.026903416733925208
འཇུག་པ,1,0.026903416733925208
ཡོང་,1,0.026903416733925208
འཇུག་པ་,1,0.026903416733925208
དཔེར་ན་,1,0.026903416733925208
སྐར་མ་,1,0.026903416733925208
ལོ་,1,0.026903416733925208
ཉེར་,1,0.026903416733925208
ཞབས་འབྲིང་,1,0.026903416733925208
བསྡད་,1,0.026903416733925208
ལོག་ལྟ་,1,0.026903416733925208
མེ་ཏོག་,1,0.026903416733925208
ལྡུམ་ར,1,0.026903416733925208
སྐྱས་པ་,1,0.026903416733925208
ཕེབས་,1,0.026903416733925208
རྒྱུ་མ་,1,0.026903416733925208
རླུག་,1,0.026903416733925208
འཇུག,1,0.026903416733925208
ཁོང་,1,0.026903416733925208
དྲུང་,1,0.026903416733925208
རྒྱལ་བ་,1,0.026903416733925208
རློབ་པ,1,0.026903416733925208
ཇི་སྐད་,1,0.026903416733925208
དུ,1,0.026903416733925208
ཡིད་བྱེད་པ,1,0.026903416733925208
ཐུབ་པ་,1,0.026903416733925208
བཞུགས,1,0.026903416733925208
བསྐུར་,1,0.026903416733925208
བརླབ་པ,1,0.026903416733925208
འགྱུར,1,0.026903416733925208
གུ་རུ་,1,0.026903416733925208
གང་ཟག་,1,0.026903416733925208
ཕོ་མོ་,1,0.026903416733925208
དུའང་,1,0.026903416733925208
བཞུད་,1,0.026903416733925208
ཉལ་,1,0.026903416733925208
གྲོང་,1,0.026903416733925208
ཡང་འཇུག་པ,1,0.026903416733925208
སྔོན་དུས་,1,0.026903416733925208
མ་བུ་,1,0.026903416733925208
ཡང་་་་་ཡང་,1,0.026903416733925208
ལ་མ,1,0.026903416733925208
༼་༽,1,0.026903416733925208
རྒན་,1,0.026903416733925208
འཕགས་ཡུལ་,1,0.026903416733925208
གནས་ཆེན་,1,0.026903416733925208
གདན་,1,0.026903416733925208
མང་,1,0.026903416733925208
བྱོན་པ,1,0.026903416733925208
ཁྱད་པར་ཅན་,1,0.026903416733925208
ཞུ་,1,0.026903416733925208
ཟེར་,1,0.026903416733925208
བུས་,1,0.026903416733925208
བརྗེད་,1,0.026903416733925208
སྐོར་,1,0.026903416733925208
ཚེ་ད་རེས་,1,0.026903416733925208
འཁུར་,1,0.026903416733925208
ལྕེབས་,1,0.026903416733925208
འཆི,1,0.026903416733925208
ཕྱིན་,1,0.026903416733925208
སླར་,1,0.026903416733925208
བརྗེད,1,0.026903416733925208
ཁང་པ,1,0.026903416733925208
སླེབ་པ,1,0.026903416733925208
མས་,1,0.026903416733925208
སྨྲས་པ་,1,0.026903416733925208
དྲན་,1,0.026903416733925208
ད་ཅི་,1,0.026903416733925208
ད་,1,0.026903416733925208
ལྕབས་,1,0.026903416733925208
འཆི་,1,0.026903416733925208
གཡས་གཡོན་,1,0.026903416733925208
བལྟས་པ,1,0.026903416733925208
ཟུར་,1,0.026903416733925208
མགོ་,1,0.026903416733925208
འདུགདེ,1,0.026903416733925208
པུད་,1,0.026903416733925208
དར་,1,0.026903416733925208
དྲིལ་,1,0.026903416733925208
ཁྱེར་,1,0.026903416733925208
འོངས་,1,0.026903416733925208
མ་ལ་,1,0.026903416733925208
བྱིན,1,0.026903416733925208
མཆེ་བ་,1,0.026903416733925208
ཤིག་,1,0.026903416733925208
བསྐྱད་,1,0.026903416733925208
རྒྱུན་,1,0.026903416733925208
རིང་བསྲེལ་,1,0.026903416733925208
བབས,1,0.026903416733925208
འཆི་བ,1,0.026903416733925208
འཇའ་འོད་,1,0.026903416733925208
གུར་,1,0.026903416733925208
ཕུབ་པ་,1,0.026903416733925208
བྱུང་བ་,1,0.026903416733925208
སྟོབས་,1,0.026903416733925208
ཁྱད་,1,0.026903416733925208
མ་བྱུང་བ་,1,0.026903416733925208
དོན་དམ་པ,1,0.026903416733925208
མངོན་སུམ་,1,0.026903416733925208
རགས་ལས་,1,0.026903416733925208
ཤཱ་རི,1,0.026903416733925208
དོན་དམ་པ་,1,0.026903416733925208
ནོ་,1,0.026903416733925208
སྐྱེས་པ,1,0.026903416733925208
ཡིད་ཆེས་པ་,1,0.026903416733925208
གཅིགཕྱིར་,1,0.026903416733925208
དྭགས་པ,1,0.026903416733925208
བྱོན་,1,0.026903416733925208
ཁར་རྗེ་,1,0.026903416733925208
བཙུན་,1,0.026903416733925208
མི་ལ་,1,0.026903416733925208
སྐྱོང་བ,1,0.026903416733925208
ཞུས་པ,1,0.026903416733925208
ཇི་ཞིག་,1,0.026903416733925208
ལྷག་,1,0.026903416733925208
ཕ་རྒན་,1,0.026903416733925208
སྐྱོངས་,1,0.026903416733925208
མི་འགྱུར་བ་,1,0.026903416733925208
འབྱེད་,1,0.026903416733925208
ཐབས་མེད,1,0.026903416733925208
བུ,1,0.026903416733925208
འདི་ལྟར་,1,0.026903416733925208
སྐྲག་,1,0.026903416733925208
ཆུང་ངུ,1,0.026903416733925208
གནས་རི,1,0.026903416733925208
མཐོ་དམན་,1,0.026903416733925208
སྐྱེས་,1,0.026903416733925208
མྱང་འདས་,1,0.026903416733925208
མཐའ་མེད་པ,1,0.026903416733925208
གནས་པ,1,0.026903416733925208
རྣམ་,1,0.026903416733925208
ཁྱབ་པ,1,0.026903416733925208
མནར་བ,1,0.026903416733925208
རྣམ་མཁྱེན་,1,0.026903416733925208
ད་རེས་,1,0.026903416733925208
སྐབས་,1,0.026903416733925208
མཐའ་ཡས་པ,1,0.026903416733925208
འཕྲལ་,1,0.026903416733925208
བདེ་,1,0.026903416733925208
ཟད་,1,0.026903416733925208
སླར་ཡང་,1,0.026903416733925208
ལྟུང་བ,1,0.026903416733925208
དར་ཅིག་,1,0.026903416733925208
ཙམ་པ་,1,0.026903416733925208
གཉེར་བ་,1,0.026903416733925208
གཅིག་པུ་,1,0.026903416733925208
ཞི་བདེ་,1,0.026903416733925208
མྱ་ངན་,1,0.026903416733925208
འདས་པ་,1,0.026903416733925208
ཉན་ཐོས་,1,0.026903416733925208
ཐོག་མ་,1,0.026903416733925208
ཨ་ཕ་,1,0.026903416733925208
ཨ་མ,1,0.026903416733925208
མཐའ་མེད་,1,0.026903416733925208
རྒྱ་མཚོ,1,0.026903416733925208
ལྷུངས་པ་,1,0.026903416733925208
རུང་བ,1,0.026903416733925208
ཐོབ་པ,1,0.026903416733925208
འཇུག་ངོགས་,1,0.026903416733925208
རིན་ཆེན་,1,0.026903416733925208
ཕྲེང་བ་,1,0.026903416733925208
བཅུ་,1,0.026903416733925208
མཚན་གཞི,1,0.026903416733925208
མཚན་ཉིད,1,0.026903416733925208
སྨོན་སེམས་,1,0.026903416733925208
སྒྲ་དོན,1,0.026903416733925208
སྐྱབ་,1,0.026903416733925208
མཚན་གཞི་,1,0.026903416733925208
རང་གཞན་,1,0.026903416733925208
སངས་རྒྱས,1,0.026903416733925208
ཆགས་,1,0.026903416733925208
བྲལ་བ་,1,0.026903416733925208
མོ,1,0.026903416733925208
སྐུ་བཞི་,1,0.026903416733925208
བདག་ཉིད་,1,0.026903416733925208
དག་པ་,1,0.026903416733925208
མ་ཕམ་པ,1,0.026903416733925208
འདུས་མ་བྱས་,1,0.026903416733925208
ལྷུན་,1,0.026903416733925208
མིན་པ,1,0.026903416733925208
མཁྱེན་,1,0.026903416733925208
བརྩེ་,1,0.026903416733925208
ནུས་པ་,1,0.026903416733925208
ལྡན,1,0.026903416733925208
བརྗོད་བྱ་,1,0.026903416733925208
འགོག་པ་,1,0.026903416733925208
ཟག་མེད་,1,0.026903416733925208
རྣམ་བྱང་,1,0.026903416733925208
རྗོད་,1,0.026903416733925208
མིང་ཚིག་,1,0.026903416733925208
ཡི་གེ,1,0.026903416733925208
སྣང་བ་,1,0.026903416733925208
ལུང་རྟོགས་,1,0.026903416733925208
དག་,1,0.026903416733925208
གསལ་,1,0.026903416733925208
གཉེན་པོ,1,0.026903416733925208
ཆགས་བྲལ་བ,1,0.026903416733925208
བདེན་,1,0.026903416733925208
ཆོས,1,0.026903416733925208
རྒྱལ་སྲས་,1,0.026903416733925208
བྱམས་མགོན་,1,0.026903416733925208
ཇི་ལྟ་,1,0.026903416733925208
ཇི་སྙེད་,1,0.026903416733925208
དག་པ,1,0.026903416733925208
བློ་ལྡན་,1,0.026903416733925208
བླ་མེད་,1,0.026903416733925208
ཐུན་,1,0.026903416733925208
མིན་,1,0.026903416733925208
ཁྱེད་པ,1,0.026903416733925208
དུས,1,0.026903416733925208
ཉན་ཐོས་པ་,1,0.026903416733925208
དགྲ་བཅོམ་,1,0.026903416733925208
སྤངས་,1,0.026903416733925208
སྤྱན་སྔ,1,0.026903416733925208
ཉན་,1,0.026903416733925208
འཆད་པ,1,0.026903416733925208
རང་རྒྱལ་པ་,1,0.026903416733925208
བཅུ་གཉིས་,1,0.026903416733925208
ལུགས་འབྱུང་,1,0.026903416733925208
ལུགས་ལྡོག་,1,0.026903416733925208
སྒོམ་,1,0.026903416733925208
སྤང་བ,1,0.026903416733925208
ཐེག་ཆེན་པོ་,1,0.026903416733925208
འཇིག་པ་,1,0.026903416733925208
ཏོ,1,0.026903416733925208
ཀ,1,0.026903416733925208
ལམ,1,0.026903416733925208
ཐེག་དམན་པ,1,0.026903416733925208
ཇི་སྲིད་,1,0.026903416733925208
འཚོ,1,0.026903416733925208
གཞན་སེམས་,1,0.026903416733925208
ཉན་ཐོས་པ,1,0.026903416733925208
ལམ་གྲོགས་,1,0.026903416733925208
ཁས་ལེན་པ་,1,0.026903416733925208
དེ་དོན་,1,0.026903416733925208
ཚངས་པ་,1,0.026903416733925208
ལྷ་ཆེན་,1,0.026903416733925208
དབང་ཕྱུག་,1,0.026903416733925208
དམན་པ་,1,0.026903416733925208
ཁྱད་པ་,1,0.026903416733925208
ཅེ་ན,1,0.026903416733925208
དོན་གཉེར་,1,0.026903416733925208
དེ་ཉིད་,1,0.026903416733925208
དམ་བཅའ་བ,1,0.026903416733925208
ལྕགས་ཀྱུ,1,0.026903416733925208
ཕྱི་པ་,1,0.026903416733925208
སངས་རྒྱས་པ,1,0.026903416733925208
ཆད་,1,0.026903416733925208
དགེ་ཚུལ་,1,0.026903416733925208
རང་རང་,1,0.026903416733925208
གདོན་བགེགས་,1,0.026903416733925208
སྐྱོབ་པ,1,0.026903416733925208
སྲུང་བ་,1,0.026903416733925208
ལོག་པ,1,0.026903416733925208
མོས་པ,1,0.026903416733925208
སྲབ་པ་,1,0.026903416733925208
བགྲང་བ་,1,0.026903416733925208
ཀླུ་,1,0.026903416733925208
སྒྲ་དོན་,1,0.026903416733925208
རཏྣ་,1,0.026903416733925208
ཞེས་པ,1,0.026903416733925208
སྒྲ་,1,0.026903416733925208
རྒྱུད་བླ་མ་,1,0.026903416733925208
དཀོན་,1,0.026903416733925208
དྲི་མེད་,1,0.026903416733925208
མཐུ་ལྡན་,1,0.026903416733925208
ཅེས་པ,1,0.026903416733925208
དཀོན་པ,1,0.026903416733925208
བསྐལ་པ་,1,0.026903416733925208
ཡོངས་སུ་,1,0.026903416733925208
བསྐྲུན་པ,1,0.026903416733925208
འཕྲད་པ,1,0.026903416733925208
མི་འགྱུར་བ,1,0.026903416733925208
སྐྱོན་,1,0.026903416733925208
མངོན་པར་,1,0.026903416733925208
རྒུད་པ་,1,0.026903416733925208
སེལ་བ,1,0.026903416733925208
རྒྱི་,1,0.026903416733925208
མངའ་བ,1,0.026903416733925208
བསྟོད་,1,0.026903416733925208
སྨད་,1,0.026903416733925208
ཆོས་ཉིད་,1,0.026903416733925208
འདུས་མ་བྱས་པ,1,0.026903416733925208
སྐྱབས་ཡུལ,1,0.026903416733925208
ལུང་,1,0.026903416733925208
མཐོང་བ་,1,0.026903416733925208
བོཌ་,1,0.026903416733925208
དབྱུང་,1,0.026903416733925208
དུ་ཡོད་པ,1,0.026903416733925208
མི་རྟག་,1,0.026903416733925208
ད་དུང་,1,0.026903416733925208
ལམ་བགྲོད་,1,0.026903416733925208
བག་,1,0.026903416733925208
ཉལ་བ་,1,0.026903416733925208
རང་ས,1,0.026903416733925208
ལ་མ་,1,0.026903416733925208
བརྟེན་པ,1,0.026903416733925208
ནུས་པ,1,0.026903416733925208
རྒྱུས་,1,0.026903416733925208
ཆོས་ཅན་,1,0.026903416733925208
མཆོག་མ་,1,0.026903416733925208
ཉག་གཅིག་,1,0.026903416733925208
བདུན་པ་,1,0.026903416733925208
དྲན་ཤེས་,1,0.026903416733925208
ལྷ་ཚོགས་,1,0.026903416733925208
ཕྲག་པ་,1,0.026903416733925208
གཡས་,1,0.026903416733925208
བསྐོར་བ་,1,0.026903416733925208
བྱེད་པ,1,0.026903416733925208
གཙུག་,1,0.026903416733925208
མགྲིན་པ,1,0.026903416733925208
ཕུད་མཆོད་,1,0.026903416733925208
གཉིད་ལོག་པ,1,0.026903416733925208
འཁྲུལ་བ་,1,0.026903416733925208
འོད་གསལ་,1,0.026903416733925208
སྦ་བ,1,0.026903416733925208
སྤྱོད་ལམ་,1,0.026903416733925208
གསལ་སྣང་,1,0.026903416733925208
བཀལ་,1,0.026903416733925208
ཆེ,1,0.026903416733925208
སྤང་བྱ,1,0.026903416733925208
བསྒྲུབ་བྱ,1,0.026903416733925208
གསོལ་འདེབས་,1,0.026903416733925208
ཚིག་,1,0.026903416733925208
འདོན་པ,1,0.026903416733925208
སྒོ་གསུམ་,1,0.026903416733925208
ཁྱོན་,1,0.026903416733925208
བསྒྲིམས་,1,0.026903416733925208
དང་སེམས་,1,0.026903416733925208
ལྷན་ཅིག་,1,0.026903416733925208
དམིགས་པ་,1,0.026903416733925208
མ་ཡིན་པ,1,0.026903416733925208
ཁ་གཡེང་,1,0.026903416733925208
རྗེས་སུ་,1,0.026903416733925208
འབྲངས,1,0.026903416733925208
གཡས་ཕྱོགས་,1,0.026903416733925208
འགྲོ་འདུག་,1,0.026903416733925208
སྨྲ་བརྗོད་,1,0.026903416733925208
འགྲམ་པ་,1,0.026903416733925208
གཡོན་,1,0.026903416733925208
སྟེང་,1,0.026903416733925208
སྦྱར,1,0.026903416733925208
གཡོན་ཕྱོགས་,1,0.026903416733925208
སུ,1,0.026903416733925208
རྣམ་གཡེང་,1,0.026903416733925208
བཏང་,1,0.026903416733925208
ཁོ་ན,1,0.026903416733925208
ཁྱོ་,1,0.026903416733925208
མདོགས་,1,0.026903416733925208
ཅི་ཡང་,1,0.026903416733925208
རྒྱལ་,1,0.026903416733925208
སྐྱོབ་པ་,1,0.026903416733925208
མགོན་,1,0.026903416733925208
རང་སེམས་,1,0.026903416733925208
གསུམ,1,0.026903416733925208
རྣལ་འབྱོར་,1,0.026903416733925208
ཁོག་སྟོང་,1,0.026903416733925208
ཁ་འབུས་པ་,1,0.026903416733925208
སྦྱར་,1,0.026903416733925208
ཀྱི,1,0.026903416733925208
ཁོང་སྟོང་,1,0.026903416733925208
སྤྲད་,1,0.026903416733925208
བཅའ་བ་,1,0.026903416733925208
རྩེ་,1,0.026903416733925208
བླུན་པོ་,1,0.026903416733925208
ཅང་,1,0.026903416733925208
ཐར་པ་,1,0.026903416733925208
རྒྱས་པ,1,0.026903416733925208
ཁ་འབུས་,1,0.026903416733925208
ཕྱེས་,1,0.026903416733925208
ལག་,1,0.026903416733925208
ཐལ་སྦྱར་,1,0.026903416733925208
དཔག་མེད་པ,1,0.026903416733925208
སྤྲིན་ཚོགས་,1,0.026903416733925208
བཅས,1,0.026903416733925208
བཅུ,1,0.026903416733925208
འཚལ,1,0.026903416733925208
རིམ་བཞིན་,1,0.026903416733925208
འདགམགྲིན་པ,1,0.026903416733925208
འདགསྙིང,1,0.026903416733925208
གར་,1,0.026903416733925208
འདགདེ་ནས་,1,0.026903416733925208
ལྔ་,1,0.026903416733925208
ཕབ་པ་,1,0.026903416733925208
དཔྲལ་བ་,1,0.026903416733925208
གཅིག,1,0.026903416733925208
གཉིས,1,0.026903416733925208
པུས་མོ་,1,0.026903416733925208
ལྔ་པོ,1,0.026903416733925208
ཕབ་,1,0.026903416733925208
ཉོན་མོངས་པ་,1,0.026903416733925208
དུག་,1,0.026903416733925208
འདག་པ་,1,0.026903416733925208
ཕྲིན་ལས་,1,0.026903416733925208
ཡར་,1,0.026903416733925208
ངས་པ,1,0.026903416733925208
རྐེད་པ་,1,0.026903416733925208
དྲང་པོ,1,0.026903416733925208
བསྲངས་,1,0.026903416733925208
སྔར་ལྟར་,1,0.026903416733925208
གཉིས་པ,1,0.026903416733925208
སྤང་བྱ་,1,0.026903416733925208
ལྷ་དབང་,1,0.026903416733925208
ཕྱུགས་,1,0.026903416733925208
གྲོལ་བ་,1,0.026903416733925208
ཡུལ་ལྷ་,1,0.026903416733925208
གཞི་བདག་,1,0.026903416733925208
ལྷ་འདྲེ་,1,0.026903416733925208
མཐུ་བོ་,1,0.026903416733925208
ཕྱི་མ,1,0.026903416733925208
འཚེ་བ་,1,0.026903416733925208
གནོད་,1,0.026903416733925208
འཚེ་བ,1,0.026903416733925208
རྨི་ལམ་,1,0.026903416733925208
འབད་པ་,1,0.026903416733925208
དྲག་པོ,1,0.026903416733925208
ནུས་,1,0.026903416733925208
རད་,1,0.026903416733925208
གཤེ་,1,0.026903416733925208
སྨོད་པ་,1,0.026903416733925208
སྐུར་འདེབས་,1,0.026903416733925208
འདྲ་བ་,1,0.026903416733925208
འགྲོགས,1,0.026903416733925208
བསྒྲུབ་བྱ་,1,0.026903416733925208
ཆག་དུམ་,1,0.026903416733925208
བཞགསངས་རྒྱས་,1,0.026903416733925208
བསྐྱེད་,1,0.026903416733925208
ཡི་གེ་,1,0.026903416733925208
ཀ་ཁ་,1,0.026903416733925208
གུས་པ་,1,0.026903416733925208
བསྐྱེད,1,0.026903416733925208
གོ་,1,0.026903416733925208
ལྷན་པ་,1,0.026903416733925208
དམར་སེར་,1,0.026903416733925208
མཆོད་,1,0.026903416733925208
དག་སྣང་,1,0.026903416733925208
ཐེག་པ་,1,0.026903416733925208
དགེ་འདུན,1,0.026903416733925208
འདུས་,1,0.026903416733925208
ཤེས་པ,1,0.026903416733925208
ལེགས་,1,0.026903416733925208
རྟག་,1,0.026903416733925208
སྔ་དྲོ་,1,0.026903416733925208
མམ་,1,0.026903416733925208
བདུན,1,0.026903416733925208
ཏོག་,1,0.026903416733925208
དཔའ་བོ་,1,0.026903416733925208
མཁའ་འགྲོ་,1,0.026903416733925208
ཆོས་སྐྱོང་,1,0.026903416733925208
སྲུང་མ,1,0.026903416733925208
སྤྱན་,1,0.026903416733925208
བགྱིས་པ,1,0.026903416733925208
འགྲུབ་པ,1,0.026903416733925208
ཤོགཞེས་,1,0.026903416733925208
བཞི་སྐོར་,1,0.026903416733925208
གྲགས་པ་,1,0.026903416733925208
ཡི་དམ་,1,0.026903416733925208
བླང་དོར་,1,0.026903416733925208
དཀོམ་,1,0.026903416733925208
དདོས་,1,0.026903416733925208
ཐ་ན་,1,0.026903416733925208
གྲིབ་མ་,1,0.026903416733925208
འགོང་་བ,1,0.026903416733925208
ཞབས་ཏོག་,1,0.026903416733925208
བསྙེན་བཀུར་,1,0.026903416733925208
འབད,1,0.026903416733925208
བཀའ་,1,0.026903416733925208
ཇི་ལྟར་,1,0.026903416733925208
སྩལ་བ,1,0.026903416733925208
ཟུར་ཙམ་,1,0.026903416733925208
བཅགབླ་མ,1,0.026903416733925208
འཁོར་,1,0.026903416733925208
སློབ་མ་,1,0.026903416733925208
ཚངས་པ,1,0.026903416733925208
མཚུངས་པ,1,0.026903416733925208
སྤྱོད་པ་,1,0.026903416733925208
ལུས་ངག་,1,0.026903416733925208
མཉེས་པ་,1,0.026903416733925208
སྐད་ཅིག་མ་,1,0.026903416733925208
ཇོ་བོ་,1,0.026903416733925208
རྗེ་,1,0.026903416733925208
དཔལ་ལྡན་,1,0.026903416733925208
ཨ་,1,0.026903416733925208
ཏི་,1,0.026903416733925208
ཤ་,1,0.026903416733925208
མདོ་སྔགས་,1,0.026903416733925208
མཁྱེན་པ་,1,0.026903416733925208
ཐོག་མ,1,0.026903416733925208
འདུག་,1,0.026903416733925208
སྐྱབས་འགྲོ་་་་,1,0.026903416733925208
བཤད་པ,1,0.026903416733925208
པཎྜི་ཏ་,1,0.026903416733925208
གྲགས་,1,0.026903416733925208
ཞུགས་པ,1,0.026903416733925208
ཕྱིན་ཆད་,1,0.026903416733925208
སྲོག་,1,0.026903416733925208
བབས་,1,0.026903416733925208
མི་དོ,1,0.026903416733925208
ཉམས་,1,0.026903416733925208
ཡང་དག་,1,0.026903416733925208
གཞན་དག་,1,0.026903416733925208
འཚེ་,1,0.026903416733925208
གནོད་པ,1,0.026903416733925208
བྲལ,1,0.026903416733925208
དགེ་འདུན་་,1,0.026903416733925208
བཞི་པ་,1,0.026903416733925208
འདེབས་པ་,1,0.026903416733925208
མི་དགེ་བ,1,0.026903416733925208
རིང་,1,0.026903416733925208
དགེ་བ་,1,0.026903416733925208
འཕེལ་བ་,1,0.026903416733925208
རྟེན་གཞི,1,0.026903416733925208
འགྱུར་,1,0.026903416733925208
གནས་སྐབས་,1,0.026903416733925208
དཀར་ཕྱོགས་,1,0.026903416733925208
སྲུང་,1,0.026903416733925208
བསམ་དོན་,1,0.026903416733925208
འགྲུབ་པ་,1,0.026903416733925208
དཔག་,1,0.026903416733925208
ཕར་ཕྱིན་,1,0.026903416733925208
བསྡུས་པ་,1,0.026903416733925208
གཟུགས་,1,0.026903416733925208
མཆིས་,1,0.026903416733925208
སྣོད་,1,0.026903416733925208
ཆུ་,1,0.026903416733925208
གཏེར,1,0.026903416733925208
ཕུལ་,1,0.026903416733925208
གཞལ་བ,1,0.026903416733925208
ནུས,1,0.026903416733925208
རྒྱལ་པོ་,1,0.026903416733925208
མ་སྐྱེས་དགྲ,1,0.026903416733925208
ཕ་,1,0.026903416733925208
བསད་པ་,1,0.026903416733925208
ཞག་,1,0.026903416733925208
མྱོངས་,1,0.026903416733925208
ལྷས་,1,0.026903416733925208
མཚམས་མེད་པ,1,0.026903416733925208
དམྱལ་བ,1,0.026903416733925208
སྲེག་པ,1,0.026903416733925208
ད་ནི་,1,0.026903416733925208
རུས་པ་,1,0.026903416733925208
གསུངས་བ་,1,0.026903416733925208
རྟེན་གཞི་,1,0.026903416733925208
རྒན་གཞོན་,1,0.026903416733925208
ཆེ་ཆུང་,1,0.026903416733925208
བུ་མོ་,1,0.026903416733925208
ནན་ཏན་,1,0.026903416733925208
སྐྱབས་གསུམ་,1,0.026903416733925208
དམན,1,0.026903416733925208
བསླབ་,1,0.026903416733925208
ནོད་,1,0.026903416733925208
སྡོམ་,1,0.026903416733925208
འཇའ་,1,0.026903416733925208
ཡལ,1,0.026903416733925208
བླུན་,1,0.026903416733925208
བརྟན་པ,1,0.026903416733925208
རློབས,1,0.026903416733925208
ཅེས་པ་,1,0.026903416733925208
གཞོན་ནུ་,1,0.026903416733925208
བཀྲ་ཤིས་པ,1,0.026903416733925208
ལྷ་རྫས་,1,0.026903416733925208
བསྐུར་བ,1,0.026903416733925208
སྤྱི་ལོ་,1,0.026903416733925208
༡༩༨༣,1,0.026903416733925208
སྤྱི་ཟླ་,1,0.026903416733925208
མང་ཡུལ་,1,0.026903416733925208
ལོ་ཆུ་,1,0.026903416733925208
ཕག་,1,0.026903416733925208
ཆོ་འཕྲུལ་,1,0.026903416733925208
ཟླ་བ,1,0.026903416733925208
ཚེས་,1,0.026903416733925208
བཟང་པོ,1,0.026903416733925208
སླེ་,1,0.026903416733925208
གཟིམས་,1,0.026903416733925208
ཤག་་,1,0.026903416733925208
གླིང་,1,0.026903416733925208
ཆོས་རྗེ་,1,0.026903416733925208
སྤྲུལ་,1,0.026903416733925208
ཐུབ་བསྟན་,1,0.026903416733925208
བསྟན་པ,1,0.026903416733925208
རྒྱལ་མཚན་པ,1,0.026903416733925208
མངྒ་,1,0.026903416733925208
ལཾ,1,0.026903416733925208
